room_no,user_no,amount
1,655,38000
1,213,34000
2,90,38000
2,564,42000
2,87,36000
2,138,11000
3,575,42000
3,368,24000
4,891,31000
4,560,27000
5,345,35000
5,9,40000
5,789,35000
5,307,24000
6,45,22000
6,740,38000
6,834,46000
6,473,41000
6,349,36000
7,634,18000
7,602,35000
7,24,34000
8,888,45000
8,655,11000
8,917,28000
8,312,39000
8,96,36000
9,687,34000
9,550,37000
9,429,46000
10,948,35000
10,283,46000
10,207,15000
10,8,29000
10,147,36000
11,217,16000
11,469,20000
11,394,14000
11,933,41000
12,763,12000
12,420,39000
12,462,35000
12,169,18000
13,522,38000
13,473,20000
13,70,17000
13,85,10000
13,562,23000
14,395,43000
14,453,34000
14,714,13000
15,769,11000
15,384,22000
15,931,16000
16,977,30000
16,46,44000
17,157,34000
17,412,27000
18,372,48000
19,785,18000
19,647,30000
19,714,48000
19,398,24000
20,774,29000
20,22,15000
20,632,19000
21,231,31000
21,946,12000
21,743,28000
22,61,25000
22,249,34000
22,211,14000
22,553,50000
23,498,23000
23,178,29000
24,675,50000
24,181,33000
24,621,42000
24,255,40000
24,311,29000
25,101,28000
25,264,18000
25,390,10000
26,144,33000
26,415,14000
26,948,34000
26,426,32000
26,963,13000
27,877,33000
27,249,19000
27,490,26000
28,493,34000
28,120,43000
29,272,34000
29,259,15000
29,709,19000
29,310,29000
30,594,21000
30,671,17000
30,296,13000
30,751,36000
30,442,50000
31,874,40000
31,128,27000
31,66,34000
31,351,41000
32,692,25000
32,345,32000
32,380,35000
32,699,48000
32,912,25000
33,598,30000
33,677,30000
33,193,49000
33,4,40000
33,654,34000
34,688,29000
34,131,39000
35,103,15000
35,679,30000
35,554,40000
35,247,50000
35,250,24000
36,379,34000
36,660,37000
37,107,31000
37,298,46000
38,735,22000
38,591,33000
38,755,48000
38,2,39000
38,319,24000
39,650,12000
39,150,17000
39,682,34000
40,760,24000
40,848,21000
40,734,20000
41,37,43000
41,695,45000
41,485,47000
41,357,29000
41,776,40000
42,921,10000
42,824,19000
43,998,31000
43,486,35000
43,184,29000
43,968,34000
44,341,38000
44,886,41000
44,838,47000
44,392,40000
45,880,44000
45,102,45000
45,334,14000
46,25,17000
46,772,45000
47,410,20000
47,132,15000
48,40,29000
48,968,41000
49,119,25000
49,705,23000
49,102,27000
50,826,20000
50,564,37000
51,322,22000
51,645,42000
52,303,25000
52,807,45000
52,445,31000
52,389,27000
53,562,29000
53,975,32000
53,108,48000
53,802,34000
53,948,44000
54,477,19000
54,607,27000
54,266,39000
54,10,42000
55,528,36000
55,313,14000
55,651,13000
56,251,42000
56,828,44000
56,896,10000
56,11,25000
56,986,43000
57,394,24000
57,988,32000
57,173,17000
57,953,23000
58,531,42000
58,223,49000
58,946,39000
58,313,21000
58,952,22000
59,684,26000
59,127,37000
59,936,38000
59,500,32000
59,8,12000
60,851,27000
60,165,18000
61,785,19000
61,135,13000
61,113,10000
61,981,37000
61,111,25000
62,328,16000
62,683,47000
62,841,35000
63,220,13000
63,437,24000
63,19,37000
64,431,25000
64,373,13000
64,288,27000
64,966,33000
65,306,18000
65,700,47000
66,30,18000
66,216,22000
66,599,44000
66,394,22000
67,607,45000
67,197,17000
67,429,42000
68,336,13000
68,991,14000
68,133,34000
69,855,10000
69,4,43000
69,164,27000
70,981,50000
71,130,32000
71,844,45000
71,216,28000
72,987,27000
72,844,47000
73,590,38000
73,891,35000
73,642,33000
74,871,28000
74,584,35000
74,503,37000
75,71,10000
75,103,10000
75,742,25000
75,540,48000
75,141,16000
76,651,46000
76,208,19000
77,794,44000
77,22,19000
78,250,28000
78,395,17000
79,187,15000
79,79,31000
79,631,29000
79,342,27000
80,11,19000
80,808,38000
81,708,27000
81,116,34000
82,709,18000
82,997,44000
82,424,36000
82,617,24000
83,764,33000
83,209,13000
84,198,36000
84,472,18000
84,856,13000
85,779,20000
85,489,14000
86,310,43000
86,187,28000
87,967,20000
87,619,39000
88,452,15000
88,727,23000
88,233,45000
88,434,40000
89,591,27000
89,169,31000
89,56,14000
89,823,22000
89,381,27000
90,427,12000
90,578,32000
91,440,18000
91,323,42000
91,770,47000
92,677,39000
92,298,24000
93,706,43000
93,788,31000
93,736,49000
94,240,46000
94,214,15000
94,626,28000
94,622,15000
95,153,18000
95,263,18000
95,782,33000
96,944,13000
96,270,10000
96,899,46000
96,897,39000
96,699,44000
97,449,35000
97,750,30000
98,235,23000
98,40,34000
98,160,37000
98,972,14000
99,939,21000
99,893,31000
99,430,40000
99,538,37000
100,342,19000
100,80,30000
100,741,41000
101,679,18000
101,534,12000
101,740,44000
101,4,23000
102,119,29000
102,380,41000
103,371,31000
103,849,34000
103,556,50000
103,437,16000
104,295,36000
104,666,44000
105,565,23000
105,684,22000
106,664,35000
106,813,36000
106,936,12000
107,565,25000
107,175,37000
108,875,18000
108,448,50000
108,237,23000
109,676,11000
109,644,46000
110,557,24000
110,650,34000
110,647,19000
110,797,16000
110,367,19000
111,795,23000
111,80,14000
112,156,50000
112,704,21000
112,430,17000
113,933,17000
113,163,42000
114,347,18000
114,921,27000
115,778,41000
115,726,26000
115,565,27000
115,668,29000
116,295,30000
116,905,46000
116,457,38000
116,434,47000
116,611,43000
117,307,32000
117,829,19000
117,331,10000
118,251,48000
118,921,48000
118,239,36000
118,576,22000
119,392,48000
119,48,28000
119,282,39000
119,432,44000
119,123,40000
120,262,45000
120,282,29000
120,772,11000
121,602,37000
121,108,33000
122,874,14000
122,114,34000
123,303,36000
123,123,25000
123,130,30000
123,327,28000
123,883,25000
124,933,23000
124,77,22000
125,257,19000
125,779,33000
125,320,37000
126,750,17000
126,151,11000
127,553,37000
127,272,31000
127,122,34000
128,765,17000
128,532,27000
128,444,49000
128,112,24000
128,698,23000
129,742,21000
129,611,30000
129,295,39000
130,127,20000
130,343,40000
130,22,17000
130,182,24000
130,998,16000
131,26,26000
131,503,31000
131,753,48000
131,360,50000
131,559,19000
132,144,50000
132,212,43000
132,763,31000
132,92,29000
133,139,46000
133,855,41000
133,628,28000
133,126,28000
134,502,41000
134,42,10000
134,223,42000
134,846,37000
135,876,50000
135,33,26000
135,485,30000
136,972,15000
136,139,21000
136,427,18000
136,568,32000
137,806,36000
137,985,25000
137,421,46000
137,473,35000
137,29,43000
138,808,16000
138,277,40000
139,27,13000
139,759,41000
140,130,10000
140,309,14000
140,644,16000
141,463,13000
141,853,25000
142,63,11000
142,880,20000
142,674,40000
142,632,41000
142,127,16000
143,330,34000
143,29,49000
143,291,39000
144,518,23000
144,513,46000
145,409,14000
145,804,48000
145,781,43000
145,675,32000
146,977,20000
146,47,40000
147,763,34000
148,682,50000
148,453,38000
149,218,28000
149,201,43000
149,259,50000
150,588,46000
150,915,43000
150,6,40000
151,781,34000
151,821,43000
151,69,48000
152,72,14000
152,945,44000
152,849,42000
152,258,17000
153,162,22000
153,34,45000
154,51,49000
154,506,14000
154,75,45000
155,221,24000
155,107,24000
156,499,11000
156,548,18000
156,623,38000
157,309,24000
157,199,44000
157,352,25000
157,448,21000
158,765,17000
158,300,23000
158,133,24000
159,826,30000
159,890,36000
160,883,19000
161,990,49000
161,308,38000
161,848,37000
161,989,32000
162,250,49000
162,776,13000
162,29,28000
163,79,20000
163,435,18000
163,587,15000
163,737,35000
163,582,26000
164,661,30000
164,128,11000
165,779,13000
165,654,26000
165,865,18000
166,331,21000
166,239,12000
167,282,32000
167,999,16000
167,264,25000
167,17,36000
168,378,31000
168,26,49000
168,335,19000
169,757,42000
169,828,34000
169,321,34000
170,981,46000
171,254,43000
171,622,28000
172,696,25000
172,467,15000
172,323,40000
173,291,44000
173,584,18000
173,848,17000
174,939,22000
174,590,36000
174,507,16000
175,811,18000
175,707,37000
176,317,31000
176,730,12000
176,301,36000
177,865,47000
177,489,39000
177,717,47000
178,158,43000
178,305,28000
178,506,12000
179,737,32000
179,532,38000
179,285,26000
179,589,27000
179,901,20000
180,989,33000
180,7,38000
180,501,17000
181,541,27000
181,911,15000
181,443,20000
181,506,42000
181,270,12000
182,381,50000
182,862,22000
182,572,41000
183,151,23000
183,974,23000
184,515,32000
184,629,29000
184,390,41000
184,647,40000
185,102,37000
185,430,17000
185,993,40000
185,458,25000
186,778,45000
186,912,35000
186,872,13000
187,154,24000
187,652,50000
187,47,11000
188,49,43000
188,786,44000
188,785,20000
188,567,25000
189,17,12000
189,514,25000
190,247,15000
190,672,36000
190,411,19000
190,135,48000
190,838,11000
191,520,40000
191,271,45000
192,366,35000
192,392,24000
193,347,50000
193,659,41000
194,967,24000
194,632,31000
194,859,48000
194,485,45000
194,536,25000
195,408,14000
195,944,17000
196,49,50000
196,907,45000
197,998,27000
197,446,20000
198,843,31000
198,532,20000
198,620,36000
198,258,29000
199,314,14000
199,339,50000
199,63,35000
199,640,14000
200,891,43000
200,183,47000
200,270,49000
201,373,30000
201,147,38000
201,169,17000
202,36,43000
202,724,50000
202,486,45000
202,364,17000
202,320,11000
203,696,22000
203,746,22000
203,435,29000
203,219,42000
204,408,26000
204,658,11000
204,491,50000
204,45,44000
205,936,21000
205,628,17000
206,503,22000
206,100,30000
206,879,33000
206,558,13000
207,991,12000
207,747,21000
207,274,29000
208,654,39000
208,478,15000
208,582,20000
208,857,15000
209,810,13000
209,766,46000
209,774,22000
210,89,43000
210,271,12000
210,95,23000
210,502,28000
210,364,27000
211,658,43000
211,224,47000
211,479,12000
211,268,10000
212,787,29000
212,664,38000
212,925,37000
212,103,33000
213,166,42000
213,42,35000
213,995,29000
214,980,19000
214,808,10000
214,983,29000
214,56,15000
215,640,45000
215,6,34000
215,489,16000
215,164,35000
216,790,47000
216,612,25000
216,404,49000
216,547,24000
216,74,37000
217,980,40000
217,436,20000
217,155,15000
218,162,42000
218,823,35000
218,827,50000
218,13,42000
218,165,44000
219,883,10000
219,778,39000
219,393,41000
219,892,33000
220,327,32000
220,556,12000
221,298,19000
221,255,39000
221,180,43000
221,87,12000
221,548,16000
222,321,11000
222,653,17000
222,768,49000
223,968,37000
223,384,42000
224,289,23000
224,695,27000
224,292,16000
225,271,48000
225,66,31000
225,627,31000
226,200,44000
226,474,12000
226,875,41000
227,287,30000
227,766,47000
227,543,11000
228,774,17000
228,241,46000
228,385,35000
228,944,48000
228,551,50000
229,141,38000
229,880,21000
230,327,11000
230,614,40000
231,577,34000
231,761,20000
232,894,30000
232,484,46000
232,960,25000
233,537,20000
233,823,12000
234,429,44000
234,883,11000
234,395,35000
234,73,35000
235,333,17000
235,868,19000
235,269,31000
236,693,38000
236,771,27000
236,251,28000
236,776,28000
237,965,48000
237,159,11000
237,762,10000
237,825,43000
238,957,43000
238,660,20000
238,160,34000
238,602,29000
239,44,39000
240,278,35000
240,760,27000
241,232,21000
241,536,27000
241,254,14000
241,251,25000
242,141,50000
242,101,40000
242,550,41000
242,903,17000
242,801,47000
243,988,27000
243,258,42000
244,741,45000
244,889,21000
244,545,40000
244,255,29000
245,898,16000
245,654,30000
245,704,49000
245,552,22000
246,557,40000
246,625,27000
247,339,29000
247,745,35000
248,691,34000
248,853,23000
248,383,14000
248,25,47000
249,686,48000
249,705,31000
249,983,17000
249,931,36000
249,724,46000
250,242,26000
250,336,18000
250,587,30000
251,369,33000
251,189,26000
251,329,36000
252,946,42000
252,852,42000
253,490,46000
253,589,46000
253,342,14000
253,650,38000
254,846,39000
254,187,11000
255,64,24000
255,20,22000
255,9,46000
255,231,21000
255,331,12000
256,211,24000
256,336,27000
257,468,17000
257,141,38000
257,899,47000
258,764,41000
258,167,36000
259,957,11000
259,490,16000
259,262,37000
259,521,15000
260,384,30000
260,17,10000
260,975,12000
260,988,28000
260,282,21000
261,357,20000
261,374,33000
261,901,11000
262,475,36000
262,753,43000
263,283,17000
263,919,44000
263,229,10000
263,95,18000
264,212,46000
264,490,19000
265,50,21000
265,290,47000
265,909,18000
265,630,12000
266,885,20000
266,650,32000
266,35,35000
267,792,42000
267,559,31000
267,451,16000
267,121,14000
268,571,24000
268,988,28000
269,327,21000
269,447,22000
269,567,22000
269,963,19000
269,85,44000
270,308,50000
270,384,19000
271,398,40000
271,400,10000
271,923,23000
271,535,36000
272,850,35000
272,401,24000
272,806,47000
273,602,50000
273,689,50000
273,283,17000
274,986,31000
274,902,20000
275,390,48000
275,231,41000
275,536,50000
275,106,27000
276,478,41000
276,683,27000
276,258,43000
277,577,25000
277,590,36000
278,303,43000
278,808,23000
278,451,16000
279,967,32000
279,870,39000
279,260,30000
279,368,21000
280,738,24000
280,361,15000
280,632,21000
280,552,41000
281,423,17000
281,773,45000
281,164,49000
281,983,48000
282,383,18000
282,734,28000
282,349,38000
283,422,24000
283,684,23000
283,281,49000
284,691,35000
284,423,26000
284,191,26000
285,635,30000
285,554,44000
285,366,42000
285,79,48000
286,471,39000
286,477,20000
286,276,32000
287,387,27000
287,699,48000
288,580,29000
288,221,36000
288,678,30000
288,463,32000
288,318,14000
289,947,21000
289,255,31000
289,616,34000
290,602,32000
290,868,15000
290,352,50000
291,855,13000
291,21,10000
291,901,46000
291,621,22000
292,513,19000
292,1000,21000
292,354,49000
293,629,47000
293,958,48000
293,111,17000
294,567,41000
294,375,40000
294,145,47000
295,731,43000
295,934,30000
295,540,37000
295,577,41000
296,94,13000
296,314,29000
296,510,30000
296,806,34000
296,790,37000
297,442,39000
297,698,23000
297,716,12000
297,46,28000
298,96,35000
298,400,26000
298,847,50000
299,743,34000
299,420,41000
299,707,12000
299,11,24000
300,275,44000
300,924,35000
300,811,26000
301,802,22000
301,974,16000
301,89,15000
302,110,19000
302,447,42000
303,338,21000
303,350,35000
303,881,24000
304,206,43000
304,26,13000
304,893,11000
304,452,33000
304,72,10000
305,801,12000
305,788,40000
305,581,34000
305,878,39000
306,205,21000
306,901,12000
306,369,24000
306,230,35000
307,852,35000
307,455,22000
307,976,49000
307,475,19000
308,158,36000
308,308,20000
308,927,38000
308,853,21000
309,548,18000
309,422,16000
310,88,31000
310,943,22000
311,694,47000
311,861,28000
311,68,19000
311,372,36000
312,523,19000
312,717,34000
312,288,47000
312,869,41000
313,696,18000
313,908,17000
314,985,32000
314,729,26000
314,812,11000
315,534,26000
316,46,49000
316,341,22000
317,164,37000
317,714,26000
317,385,38000
317,344,42000
318,656,14000
318,249,14000
319,722,39000
319,160,49000
320,202,15000
320,764,34000
321,602,40000
321,838,13000
321,203,22000
321,726,17000
321,508,30000
322,138,50000
322,651,25000
322,857,26000
322,607,41000
323,524,47000
324,551,40000
324,745,44000
324,860,32000
324,327,35000
325,462,18000
325,157,19000
325,146,21000
325,756,11000
325,769,11000
326,987,37000
326,195,40000
326,499,23000
327,85,37000
327,347,31000
327,646,33000
328,173,23000
328,458,30000
329,557,22000
329,349,25000
329,592,42000
330,670,27000
330,84,27000
330,542,40000
330,503,49000
331,795,22000
331,497,22000
331,322,34000
331,620,26000
332,212,15000
332,668,38000
333,721,22000
333,777,18000
333,111,34000
333,960,35000
334,284,42000
334,332,14000
334,580,25000
334,775,15000
335,403,35000
335,411,23000
335,559,26000
335,64,11000
335,538,12000
336,814,30000
336,978,42000
336,892,36000
337,890,10000
337,214,42000
338,845,49000
338,550,20000
338,8,22000
339,580,38000
340,471,23000
340,397,23000
341,932,26000
341,56,21000
341,664,34000
341,642,20000
341,236,25000
342,85,27000
342,635,20000
343,672,14000
343,995,12000
343,434,23000
344,232,47000
344,179,46000
344,15,14000
344,116,37000
344,89,46000
345,136,27000
345,737,10000
345,491,37000
346,903,40000
346,373,45000
346,91,36000
346,613,28000
347,625,18000
347,985,31000
347,89,20000
348,881,36000
348,710,20000
349,811,35000
349,120,32000
349,334,24000
349,750,22000
349,857,16000
350,623,44000
350,248,11000
350,774,14000
350,416,32000
351,766,49000
351,398,30000
351,384,34000
352,654,41000
352,706,15000
352,602,50000
352,636,48000
352,902,38000
353,583,11000
353,701,27000
354,15,43000
354,260,20000
355,514,40000
355,113,21000
355,704,31000
355,159,38000
355,992,20000
356,524,37000
356,449,50000
357,666,37000
357,286,32000
358,119,21000
358,124,33000
358,25,21000
359,141,18000
359,238,42000
360,800,18000
360,544,23000
360,10,44000
361,270,14000
361,879,20000
361,523,33000
362,171,30000
362,771,33000
363,251,36000
363,491,48000
363,630,48000
364,823,12000
364,722,31000
365,586,41000
365,942,45000
365,316,18000
365,876,44000
366,899,48000
366,645,25000
366,275,31000
366,957,37000
367,378,33000
367,822,39000
367,789,28000
368,792,25000
368,188,39000
368,909,26000
369,355,46000
369,466,50000
369,958,30000
369,564,13000
369,598,44000
370,430,17000
370,41,46000
370,913,25000
370,677,24000
371,423,15000
371,555,41000
371,632,25000
372,64,29000
372,287,38000
372,110,38000
373,718,41000
373,24,11000
373,555,48000
373,784,34000
373,279,32000
374,112,46000
374,389,11000
374,615,41000
375,367,27000
376,703,13000
376,867,15000
376,38,43000
377,255,21000
377,880,24000
377,447,21000
378,876,48000
378,242,21000
378,18,33000
379,144,20000
379,252,42000
379,806,19000
380,961,21000
380,588,48000
380,802,10000
380,286,35000
381,829,46000
381,986,43000
381,663,12000
381,966,29000
381,533,29000
382,588,50000
382,769,18000
382,17,11000
383,363,39000
383,409,50000
383,478,34000
383,730,32000
383,477,40000
384,632,19000
384,945,42000
384,519,35000
384,170,30000
385,287,37000
385,905,46000
386,368,27000
386,339,49000
386,677,29000
386,451,37000
387,327,26000
387,68,20000
388,239,40000
388,832,31000
388,921,47000
388,351,25000
388,632,31000
389,783,26000
389,975,24000
390,826,36000
390,715,15000
391,556,13000
391,794,40000
392,21,41000
392,316,25000
393,941,15000
393,164,19000
393,613,19000
393,335,28000
394,383,31000
394,42,49000
395,750,16000
395,919,14000
395,401,48000
396,629,28000
396,509,40000
397,747,25000
397,670,12000
397,723,16000
398,829,40000
398,789,45000
398,341,40000
398,705,32000
399,244,30000
399,192,37000
399,833,21000
399,510,36000
399,475,12000
400,256,12000
400,981,49000
400,285,42000
400,930,42000
400,208,49000
401,430,39000
401,988,50000
401,737,39000
401,606,47000
401,561,12000
402,491,24000
402,405,13000
402,272,44000
402,5,50000
403,975,44000
403,509,25000
404,609,37000
404,559,11000
404,672,20000
405,340,16000
405,928,17000
406,403,15000
406,524,22000
406,493,14000
406,685,44000
407,678,37000
407,31,23000
407,349,47000
407,874,24000
408,485,12000
408,397,33000
408,330,30000
408,658,48000
408,378,40000
409,397,50000
409,123,28000
409,640,18000
409,831,27000
410,477,11000
410,511,48000
410,316,31000
411,828,27000
411,597,15000
411,820,44000
412,888,12000
413,732,10000
413,71,33000
413,97,45000
414,996,16000
414,190,18000
414,665,42000
415,446,41000
415,591,34000
415,814,35000
415,748,25000
416,407,35000
416,262,46000
416,664,25000
416,620,12000
416,510,27000
417,430,36000
417,735,17000
417,114,43000
418,805,25000
418,212,26000
418,399,13000
419,586,28000
419,424,43000
419,114,24000
420,711,18000
420,987,24000
420,400,27000
420,277,27000
420,165,35000
421,21,45000
421,921,21000
421,290,11000
422,138,29000
422,582,27000
422,350,48000
422,2,49000
422,493,31000
423,193,14000
423,505,12000
423,234,14000
423,442,18000
424,68,36000
424,38,25000
424,263,48000
425,897,20000
425,488,41000
426,722,46000
426,103,32000
426,91,16000
426,516,21000
427,382,28000
427,201,18000
427,848,33000
428,168,34000
428,158,36000
428,705,19000
428,65,20000
428,854,43000
429,586,44000
429,908,21000
429,464,26000
429,162,11000
430,21,18000
430,950,17000
430,94,18000
430,896,18000
431,966,26000
431,348,12000
432,478,15000
432,823,50000
432,809,20000
433,990,11000
433,34,11000
434,284,16000
434,85,13000
435,247,30000
435,737,28000
436,266,46000
436,559,14000
437,654,42000
437,322,10000
438,301,27000
438,354,25000
438,652,30000
438,350,20000
438,91,12000
439,364,45000
439,247,49000
439,421,43000
440,475,26000
440,822,43000
440,49,21000
441,698,25000
441,542,49000
441,664,29000
442,351,33000
442,901,16000
443,182,12000
443,161,33000
443,364,11000
443,969,27000
443,769,43000
444,173,42000
444,749,18000
444,112,31000
445,393,23000
446,196,19000
446,405,39000
447,393,47000
447,622,18000
448,467,14000
449,502,45000
449,98,21000
449,473,47000
449,984,18000
449,513,34000
450,135,36000
450,747,33000
450,291,14000
450,843,43000
451,812,35000
451,553,18000
452,50,48000
452,835,27000
452,741,12000
453,157,12000
453,533,31000
453,549,12000
454,638,22000
454,800,11000
455,510,16000
455,329,32000
456,562,41000
456,447,49000
457,929,43000
457,312,40000
457,918,43000
458,104,13000
458,661,11000
458,384,47000
459,833,26000
459,588,46000
459,958,28000
460,98,33000
460,92,19000
460,911,42000
460,535,22000
460,303,24000
461,96,11000
461,578,39000
461,574,38000
461,984,24000
461,961,48000
462,279,28000
462,674,17000
463,61,27000
463,605,32000
463,782,10000
463,368,19000
463,558,31000
464,368,29000
464,409,11000
464,153,48000
465,268,34000
465,57,49000
466,634,13000
466,969,48000
467,572,50000
467,465,36000
468,329,41000
468,653,13000
469,837,15000
469,611,40000
470,510,26000
470,407,30000
470,960,35000
471,94,16000
471,11,24000
471,210,30000
471,870,34000
471,921,44000
472,837,47000
472,744,42000
473,228,26000
473,283,19000
473,292,20000
473,55,15000
473,243,21000
474,505,48000
474,176,24000
474,587,42000
474,560,11000
474,349,11000
475,953,13000
475,413,35000
475,698,10000
475,950,15000
475,122,32000
476,603,44000
476,895,21000
477,50,44000
477,441,12000
477,639,24000
478,132,48000
478,520,50000
478,993,50000
478,299,12000
479,281,38000
479,946,21000
480,908,37000
480,394,18000
480,555,12000
480,154,10000
480,878,25000
481,298,34000
481,680,46000
482,585,31000
482,287,43000
482,922,32000
483,391,44000
483,654,24000
484,860,21000
484,169,40000
484,82,24000
484,701,16000
485,758,33000
486,710,28000
486,17,50000
486,625,46000
487,258,25000
487,535,23000
487,854,16000
488,202,49000
488,222,43000
489,387,19000
489,872,15000
489,325,49000
489,17,18000
490,6,32000
490,133,45000
491,955,31000
491,287,27000
491,306,33000
491,884,49000
491,172,17000
492,534,12000
492,27,24000
492,140,18000
492,955,17000
493,358,40000
493,214,45000
494,634,34000
494,311,19000
494,872,38000
495,658,20000
495,154,43000
495,765,16000
495,7,22000
495,133,50000
496,290,26000
496,757,32000
496,9,43000
496,907,21000
496,93,33000
497,668,30000
497,389,39000
497,159,16000
498,8,23000
498,984,46000
498,124,11000
498,661,49000
498,481,37000
499,900,45000
499,656,33000
500,56,36000
500,328,41000
500,570,11000
501,646,48000
501,626,21000
501,733,31000
501,743,43000
501,120,30000
502,738,16000
502,134,13000
502,153,26000
503,309,23000
503,532,42000
503,516,13000
503,519,12000
503,885,34000
504,226,20000
504,113,15000
504,472,47000
504,69,22000
505,989,10000
505,59,47000
505,627,35000
506,404,39000
506,213,17000
507,662,18000
507,116,38000
508,688,23000
508,955,31000
508,255,29000
508,203,28000
508,948,45000
509,101,30000
509,945,11000
509,346,33000
510,241,46000
510,825,41000
511,632,22000
511,465,23000
512,253,13000
512,27,24000
512,145,49000
513,899,18000
513,437,16000
513,883,50000
513,605,28000
513,23,33000
514,662,33000
514,378,33000
514,434,26000
514,915,26000
514,806,13000
515,78,36000
515,40,15000
516,565,33000
516,558,16000
517,791,38000
517,201,31000
518,679,22000
518,994,11000
518,544,43000
518,977,48000
519,972,22000
519,575,38000
520,379,25000
520,843,12000
520,81,11000
520,362,47000
521,665,25000
521,39,46000
521,21,27000
521,767,14000
522,386,29000
522,626,35000
522,624,24000
522,514,17000
523,362,19000
523,105,40000
523,421,30000
523,930,47000
524,527,14000
524,626,37000
525,122,39000
526,166,26000
526,646,15000
527,645,11000
527,923,28000
527,151,14000
527,115,32000
528,530,21000
528,996,36000
528,520,21000
528,383,48000
528,449,20000
529,483,42000
529,811,40000
529,170,32000
529,615,15000
530,524,25000
530,438,45000
530,46,16000
531,112,36000
531,300,34000
531,656,37000
532,488,31000
532,156,32000
532,67,27000
532,455,24000
533,924,26000
533,629,43000
533,43,49000
534,235,47000
535,785,40000
535,732,25000
536,762,29000
536,369,37000
536,929,28000
537,824,14000
537,412,44000
537,866,44000
537,65,45000
537,482,36000
538,268,35000
538,860,49000
538,335,47000
539,495,15000
539,320,13000
539,953,21000
539,519,25000
540,723,24000
540,433,35000
541,521,26000
541,1000,10000
541,727,29000
541,664,26000
541,129,27000
542,844,26000
542,442,30000
542,510,31000
542,421,29000
542,52,42000
543,82,35000
543,249,36000
543,878,50000
544,840,37000
544,948,28000
545,293,34000
545,411,16000
545,138,26000
545,783,10000
546,369,35000
546,111,22000
547,416,27000
547,455,26000
547,954,19000
547,805,43000
548,573,34000
548,234,32000
548,441,42000
548,355,24000
549,180,37000
549,817,39000
549,771,14000
549,973,38000
550,898,38000
550,963,20000
550,636,45000
550,752,40000
551,250,34000
551,821,50000
552,392,19000
552,333,24000
552,737,50000
553,718,37000
553,518,33000
553,294,38000
554,183,30000
554,658,39000
555,755,43000
555,824,48000
555,638,47000
555,582,38000
555,594,15000
556,857,45000
556,728,25000
556,259,45000
556,180,46000
557,878,17000
557,172,11000
557,150,34000
558,503,28000
558,733,13000
558,396,30000
558,125,42000
558,12,45000
559,819,16000
559,419,39000
559,888,33000
559,603,47000
560,1000,34000
560,21,35000
560,925,24000
560,706,16000
561,389,10000
561,791,36000
561,634,44000
561,481,34000
562,483,50000
562,553,41000
562,444,47000
563,382,11000
563,584,18000
564,703,21000
564,870,10000
564,535,39000
565,201,14000
565,500,45000
565,304,35000
566,915,42000
566,145,26000
566,618,16000
567,49,42000
567,498,33000
567,854,13000
567,856,31000
568,99,40000
568,176,30000
568,217,15000
568,848,43000
568,140,25000
569,830,33000
569,399,45000
570,590,49000
570,119,15000
571,458,38000
571,762,12000
572,432,15000
572,697,30000
572,16,46000
572,5,23000
573,669,17000
573,610,42000
574,534,32000
574,265,21000
575,718,33000
575,995,25000
575,903,13000
576,485,24000
576,764,30000
576,440,50000
576,459,13000
577,87,49000
577,950,20000
577,284,48000
577,722,30000
577,52,11000
578,540,39000
578,103,11000
578,974,34000
579,554,33000
579,650,15000
579,25,18000
580,767,36000
580,893,30000
580,986,21000
581,92,41000
581,33,18000
581,449,47000
581,290,14000
582,536,10000
582,981,27000
582,694,37000
582,637,28000
583,785,31000
583,979,32000
584,904,34000
584,703,46000
584,581,37000
584,349,38000
585,433,23000
585,513,47000
585,712,20000
585,697,32000
586,187,35000
586,389,21000
586,321,19000
587,20,12000
587,877,12000
587,98,45000
587,72,17000
588,733,28000
588,814,39000
588,140,44000
589,351,37000
589,90,25000
589,176,10000
590,769,11000
590,534,17000
590,192,45000
590,80,16000
591,918,17000
591,362,33000
592,254,33000
592,516,30000
593,959,43000
593,721,31000
593,708,48000
594,370,21000
594,624,29000
594,966,18000
594,159,13000
594,521,18000
595,814,15000
595,679,23000
595,969,17000
596,487,50000
596,718,13000
597,347,25000
597,368,18000
597,871,36000
597,953,13000
597,131,38000
598,572,14000
598,626,15000
599,257,47000
599,388,44000
599,886,20000
599,623,17000
600,357,33000
600,376,39000
601,303,42000
601,240,47000
601,718,12000
601,953,24000
602,905,18000
602,663,17000
602,620,36000
602,386,45000
603,839,50000
603,696,49000
604,657,15000
604,655,24000
604,246,18000
605,207,33000
605,998,12000
605,981,33000
605,192,33000
605,911,34000
606,674,27000
606,339,31000
606,816,46000
606,412,14000
607,73,11000
607,81,49000
607,182,35000
608,961,25000
608,407,25000
608,310,27000
608,865,13000
609,855,23000
609,837,24000
609,120,11000
609,309,41000
609,796,17000
610,198,23000
610,95,21000
610,939,26000
610,955,41000
610,571,11000
611,470,18000
611,228,22000
611,927,13000
612,547,14000
612,157,19000
612,834,14000
613,332,24000
613,123,23000
613,436,15000
614,459,32000
614,125,11000
614,203,41000
615,310,23000
615,990,38000
615,631,48000
615,361,40000
616,942,42000
616,133,21000
616,233,42000
617,142,16000
617,40,24000
617,102,15000
617,15,37000
617,504,35000
618,583,19000
618,149,26000
618,215,46000
619,707,13000
619,183,23000
619,752,50000
620,357,13000
620,876,16000
621,43,17000
621,235,14000
621,878,13000
621,573,46000
622,52,33000
622,65,50000
622,322,27000
622,749,31000
622,284,15000
623,404,32000
623,606,18000
623,329,10000
624,88,14000
624,99,49000
624,140,35000
624,747,14000
624,678,15000
625,405,11000
625,668,32000
626,332,34000
626,208,47000
626,119,12000
626,618,11000
627,609,28000
627,290,36000
627,577,37000
627,656,38000
628,150,12000
628,836,25000
628,207,12000
628,395,37000
628,912,17000
629,758,23000
629,583,10000
629,713,20000
630,114,43000
630,307,31000
630,241,37000
630,81,28000
630,874,14000
631,536,47000
631,406,26000
632,540,26000
632,589,45000
632,903,42000
633,477,43000
633,590,20000
634,905,40000
634,118,22000
634,882,31000
635,545,27000
635,39,14000
635,251,11000
636,945,39000
636,140,48000
637,361,45000
637,694,33000
637,860,35000
638,397,23000
638,957,20000
638,556,22000
639,748,24000
639,417,35000
639,213,45000
640,994,15000
640,391,28000
640,772,29000
640,597,44000
641,555,49000
641,168,31000
642,956,49000
642,206,31000
642,137,10000
643,784,17000
643,480,40000
643,452,25000
644,110,24000
644,216,41000
644,58,18000
644,81,47000
645,27,18000
645,466,36000
646,504,50000
646,748,16000
646,795,21000
646,982,24000
646,105,40000
647,948,12000
648,888,19000
648,730,46000
648,937,43000
649,623,36000
649,355,41000
650,847,49000
650,613,30000
650,155,16000
651,646,20000
651,767,17000
651,261,26000
651,256,22000
651,226,22000
652,433,42000
652,454,31000
652,899,10000
652,927,42000
653,116,49000
653,807,30000
653,699,41000
654,184,36000
654,934,19000
654,368,46000
655,929,36000
655,120,47000
655,74,19000
655,331,28000
656,537,26000
656,442,31000
657,175,12000
657,671,20000
657,552,19000
658,317,17000
658,382,44000
659,260,43000
659,916,29000
659,9,10000
659,107,42000
660,676,34000
660,251,29000
660,852,18000
660,322,19000
661,904,26000
661,707,41000
661,47,49000
662,358,42000
662,590,13000
662,708,20000
662,540,22000
663,183,10000
663,558,27000
663,406,10000
664,96,49000
664,863,37000
664,830,25000
664,631,23000
664,176,23000
665,138,50000
666,627,16000
667,624,42000
667,157,43000
668,747,12000
668,976,47000
668,918,43000
668,494,14000
668,505,17000
669,477,25000
669,994,21000
669,608,19000
669,430,35000
670,826,23000
670,589,20000
670,850,37000
670,97,29000
671,564,19000
671,456,14000
672,631,39000
672,497,32000
672,23,27000
672,4,25000
673,662,44000
673,409,48000
673,751,10000
674,856,12000
674,168,13000
675,819,24000
675,548,22000
675,854,29000
675,259,48000
676,585,38000
676,426,23000
676,887,35000
676,243,32000
677,509,38000
677,300,37000
677,100,11000
677,572,12000
677,268,33000
678,384,18000
678,941,27000
678,303,35000
679,927,48000
679,332,37000
680,147,23000
680,624,11000
681,886,48000
681,311,24000
681,555,15000
681,296,16000
681,702,13000
682,106,14000
682,675,50000
682,190,37000
683,294,30000
683,633,29000
683,355,30000
684,118,13000
684,378,38000
684,630,33000
685,278,28000
685,449,32000
685,895,39000
685,542,23000
686,347,23000
686,228,22000
687,56,42000
687,438,14000
687,959,22000
688,838,38000
688,189,23000
688,324,42000
688,701,32000
688,65,34000
689,822,47000
689,388,34000
689,956,31000
689,167,11000
690,148,24000
690,234,43000
691,67,49000
691,635,45000
691,770,50000
691,962,43000
692,619,47000
692,184,50000
693,812,38000
693,542,47000
693,554,31000
693,193,23000
694,163,11000
694,536,44000
694,108,41000
694,85,31000
694,187,49000
695,581,13000
695,854,37000
695,108,15000
696,475,10000
696,773,35000
697,702,15000
697,590,46000
698,830,46000
698,358,16000
698,125,30000
698,250,39000
699,592,15000
699,211,35000
699,389,49000
699,776,30000
700,736,34000
700,682,32000
700,253,25000
700,667,41000
701,992,25000
701,785,26000
701,666,14000
701,388,39000
701,420,50000
702,605,12000
702,999,41000
703,679,16000
703,430,17000
703,214,23000
703,433,36000
703,138,48000
704,129,27000
704,178,30000
705,87,22000
705,140,45000
705,867,27000
705,503,29000
705,127,14000
706,435,24000
706,454,10000
706,668,48000
706,766,22000
706,368,21000
707,511,26000
707,271,24000
707,807,38000
707,171,14000
708,39,25000
708,103,40000
708,579,19000
708,221,11000
709,540,36000
709,155,29000
709,763,23000
709,400,49000
709,262,37000
710,680,35000
710,487,19000
711,481,36000
711,799,36000
711,812,40000
711,243,25000
712,172,49000
712,27,38000
713,174,42000
713,554,19000
713,833,30000
714,79,14000
714,812,25000
714,115,24000
714,508,18000
714,114,10000
715,619,11000
715,774,40000
715,85,21000
715,146,24000
716,242,18000
716,838,18000
716,308,44000
717,858,26000
717,751,42000
717,622,13000
717,822,26000
718,752,17000
718,841,46000
718,674,35000
718,571,22000
718,1000,22000
719,309,12000
719,554,36000
719,276,10000
719,523,41000
720,544,23000
720,368,45000
721,940,43000
721,465,17000
721,246,47000
721,608,50000
721,114,22000
722,101,31000
722,758,45000
722,734,12000
722,633,47000
722,46,17000
723,533,15000
723,85,26000
723,952,29000
723,536,25000
724,538,28000
724,330,37000
724,385,45000
724,967,18000
724,589,42000
725,25,28000
725,526,12000
725,458,26000
726,134,36000
726,233,39000
726,809,16000
726,935,31000
726,368,50000
727,677,35000
727,579,21000
727,19,13000
727,294,39000
728,76,50000
728,926,26000
728,131,37000
729,183,29000
729,320,36000
729,391,11000
729,743,33000
730,148,19000
730,988,15000
731,73,42000
731,685,32000
731,976,18000
731,404,38000
732,956,47000
732,485,36000
732,479,40000
733,725,34000
733,315,31000
734,978,11000
734,168,15000
734,366,41000
734,263,19000
735,982,28000
735,315,14000
735,231,44000
736,181,16000
736,887,33000
736,793,21000
736,19,13000
737,499,42000
737,5,13000
737,844,47000
737,969,15000
737,246,29000
738,608,16000
738,769,36000
739,832,49000
739,950,39000
739,160,10000
739,779,31000
740,217,45000
740,24,10000
741,501,36000
741,733,17000
742,52,47000
742,208,24000
743,109,28000
743,922,33000
744,856,28000
744,16,35000
745,65,34000
745,600,40000
745,39,32000
745,809,46000
746,250,36000
746,330,40000
747,184,43000
747,964,23000
748,147,28000
748,592,16000
748,141,10000
749,611,40000
749,104,34000
749,378,24000
750,242,30000
750,239,41000
750,318,42000
750,564,17000
751,789,18000
751,329,41000
751,763,33000
751,784,33000
752,486,39000
752,781,28000
753,258,32000
753,433,13000
753,792,26000
753,474,24000
754,497,43000
754,101,14000
754,499,39000
755,204,35000
755,577,38000
755,177,38000
756,891,23000
756,457,23000
757,447,23000
757,488,48000
757,428,26000
757,142,31000
758,738,48000
758,7,15000
758,356,10000
758,808,36000
759,583,14000
759,512,43000
759,728,35000
759,348,21000
759,353,19000
760,352,17000
760,851,28000
760,380,28000
760,667,24000
760,909,37000
761,422,36000
761,192,27000
761,31,14000
762,754,11000
762,462,22000
763,428,22000
763,702,26000
763,12,38000
763,964,25000
764,830,30000
764,760,49000
765,973,48000
765,716,41000
766,313,24000
766,917,46000
766,587,36000
767,190,29000
767,884,38000
768,304,36000
768,309,10000
768,836,20000
768,3,33000
768,429,25000
769,969,20000
770,376,31000
770,69,24000
770,42,12000
770,158,45000
771,665,20000
771,774,47000
771,795,32000
772,516,27000
772,126,13000
772,130,30000
773,540,41000
773,975,47000
773,58,34000
774,969,31000
775,169,35000
775,494,50000
776,24,17000
776,719,46000
776,27,27000
777,661,14000
777,196,10000
778,422,25000
778,103,41000
778,596,48000
779,920,25000
779,158,30000
780,152,41000
780,791,25000
780,556,37000
780,495,20000
781,860,31000
781,984,43000
781,444,30000
781,282,35000
782,267,20000
782,408,50000
782,494,47000
782,129,32000
783,553,50000
783,362,38000
783,747,26000
784,951,15000
784,812,10000
784,167,38000
785,993,31000
785,269,37000
786,695,14000
786,663,25000
786,41,18000
786,20,47000
787,57,43000
787,430,35000
788,870,18000
788,486,32000
789,524,15000
789,475,24000
789,178,22000
790,13,18000
790,290,28000
790,96,33000
791,910,21000
791,710,31000
791,214,41000
791,810,21000
792,918,14000
792,456,37000
792,316,34000
793,538,44000
793,170,18000
794,280,27000
794,705,48000
794,479,30000
794,178,35000
795,297,24000
795,856,13000
796,158,43000
796,755,34000
796,97,32000
796,301,18000
796,228,45000
797,705,33000
797,675,13000
797,305,46000
797,904,31000
798,596,37000
798,21,25000
798,298,25000
798,1000,23000
798,242,17000
799,590,46000
799,431,42000
799,421,23000
800,710,46000
800,397,42000
801,979,30000
801,410,46000
801,25,13000
801,760,14000
801,865,11000
802,188,20000
803,705,15000
803,858,30000
804,382,37000
804,93,35000
804,469,47000
804,756,15000
804,937,50000
805,852,38000
805,794,10000
805,580,27000
806,946,19000
806,675,14000
806,806,42000
807,782,47000
807,352,16000
808,146,31000
808,923,17000
808,871,36000
809,803,44000
809,209,14000
810,813,28000
810,616,11000
810,969,42000
811,684,15000
811,657,47000
811,663,34000
812,30,11000
812,402,21000
812,136,27000
812,16,50000
812,571,41000
813,248,20000
813,830,11000
813,678,39000
813,953,27000
814,988,10000
814,386,29000
815,376,38000
815,262,11000
815,514,42000
815,772,46000
816,234,34000
816,156,43000
816,203,47000
816,984,21000
816,131,48000
817,781,14000
817,635,47000
817,132,48000
818,291,21000
818,528,43000
818,476,25000
818,728,22000
819,439,14000
819,413,39000
819,11,14000
820,504,46000
820,874,43000
820,35,50000
821,605,30000
821,606,18000
822,865,24000
822,57,37000
823,280,44000
823,938,35000
823,961,33000
824,466,31000
824,631,28000
824,419,29000
824,103,24000
824,959,30000
825,31,20000
825,509,24000
826,335,49000
826,990,47000
826,47,12000
827,301,45000
827,873,11000
827,318,18000
827,282,10000
828,33,40000
828,79,32000
828,797,20000
828,776,32000
829,34,32000
829,620,15000
830,399,49000
830,917,17000
830,856,10000
830,463,10000
831,519,25000
832,292,35000
832,698,12000
833,598,11000
833,701,35000
833,972,34000
833,286,23000
833,644,22000
834,422,13000
834,308,42000
834,871,17000
834,22,50000
835,705,19000
835,205,44000
836,39,25000
836,352,35000
837,23,40000
837,151,33000
837,19,13000
838,103,34000
838,82,25000
838,455,34000
839,993,34000
839,255,34000
839,335,33000
840,588,35000
840,222,25000
841,581,15000
841,850,49000
841,9,47000
841,380,25000
841,46,48000
842,517,24000
842,776,35000
842,380,12000
842,583,41000
842,479,50000
843,528,28000
843,293,11000
843,766,34000
843,571,28000
844,677,33000
844,888,30000
844,172,36000
845,152,38000
845,555,35000
845,434,33000
845,32,10000
846,209,30000
846,434,13000
847,117,38000
847,77,33000
847,215,39000
847,252,46000
848,433,35000
848,446,17000
848,988,48000
848,762,35000
849,285,25000
849,868,21000
849,486,25000
849,821,48000
849,749,23000
850,306,18000
850,266,39000
850,41,26000
850,191,20000
851,753,11000
851,48,14000
851,140,21000
852,792,48000
852,985,40000
852,305,27000
853,180,37000
853,937,45000
854,384,37000
854,808,41000
854,292,36000
854,252,35000
854,219,38000
855,372,31000
855,244,29000
856,679,29000
856,656,11000
857,372,36000
857,801,37000
857,777,35000
857,376,50000
857,519,26000
858,93,16000
858,323,44000
858,610,14000
858,498,12000
859,809,23000
859,15,28000
859,888,26000
859,289,45000
860,898,31000
860,677,26000
861,833,20000
862,646,42000
862,350,42000
862,408,38000
863,590,14000
863,60,22000
863,338,35000
863,674,44000
864,962,44000
864,276,13000
864,581,36000
864,794,36000
865,336,43000
865,701,41000
865,519,40000
865,417,43000
865,974,43000
866,968,16000
866,74,26000
866,425,28000
866,392,22000
867,873,40000
867,18,25000
867,525,27000
867,239,13000
868,175,14000
868,32,37000
868,624,41000
869,209,27000
869,139,43000
869,861,23000
869,280,41000
870,212,31000
870,587,18000
871,30,32000
871,821,43000
872,470,46000
872,196,44000
872,865,29000
872,320,43000
872,158,18000
873,393,36000
873,714,37000
873,527,34000
873,826,36000
873,961,16000
874,341,47000
874,394,15000
875,310,28000
875,480,31000
876,516,25000
876,956,40000
877,120,40000
877,156,37000
878,850,38000
878,57,38000
878,688,43000
878,566,23000
879,570,45000
879,329,50000
880,267,36000
880,518,40000
880,270,16000
881,727,15000
881,648,46000
882,890,18000
882,868,10000
882,672,12000
882,803,24000
882,781,34000
883,995,37000
883,282,12000
883,928,30000
884,694,38000
884,998,16000
884,196,23000
885,975,38000
886,676,26000
886,529,23000
887,333,30000
887,771,17000
888,95,38000
888,762,19000
889,167,40000
889,366,24000
889,437,29000
889,525,49000
890,443,33000
890,890,19000
890,122,45000
891,457,33000
891,579,24000
891,850,33000
892,646,11000
892,254,21000
892,598,32000
893,159,37000
893,275,20000
893,759,45000
893,955,16000
893,946,40000
894,821,38000
894,837,18000
894,576,22000
895,583,36000
895,725,34000
895,839,18000
895,192,21000
896,476,23000
896,629,36000
896,603,40000
896,558,50000
897,864,20000
897,281,39000
898,776,13000
898,903,18000
898,315,32000
898,890,50000
899,619,12000
899,872,45000
899,902,31000
899,270,27000
899,832,45000
900,176,25000
900,587,34000
900,1,40000
901,690,47000
901,367,30000
901,96,28000
902,836,16000
902,452,33000
902,508,44000
903,248,26000
903,212,50000
903,87,49000
904,23,13000
904,434,19000
904,309,25000
904,132,21000
905,600,37000
905,35,11000
905,55,28000
905,190,11000
905,200,14000
906,868,37000
906,20,18000
906,98,30000
907,606,34000
907,189,49000
907,681,23000
908,275,21000
908,590,23000
908,104,36000
909,166,29000
909,312,26000
909,191,21000
910,602,40000
910,448,21000
910,769,15000
911,753,41000
911,380,25000
911,834,36000
911,341,33000
911,577,33000
912,684,24000
912,946,36000
912,784,45000
912,404,34000
913,426,39000
913,106,50000
913,487,37000
914,366,46000
914,804,44000
914,104,24000
914,749,11000
915,233,10000
915,134,40000
915,61,17000
916,274,47000
916,407,28000
916,189,22000
916,332,47000
916,658,10000
917,999,17000
917,518,28000
917,867,11000
917,681,31000
918,121,32000
918,979,25000
919,102,24000
919,780,36000
920,252,46000
920,547,13000
920,814,12000
921,773,29000
921,791,12000
922,424,14000
922,949,17000
922,122,31000
922,414,23000
922,938,40000
923,735,44000
923,858,16000
923,962,17000
923,951,47000
923,606,18000
924,403,15000
924,994,39000
924,956,41000
925,718,33000
925,994,48000
925,447,12000
926,414,46000
926,674,32000
927,38,13000
927,85,21000
927,943,32000
928,320,14000
928,776,14000
928,672,49000
929,853,24000
929,400,31000
929,620,35000
929,290,19000
930,363,26000
930,137,12000
930,779,27000
930,670,34000
930,371,21000
931,825,36000
931,797,16000
931,828,36000
931,106,32000
931,898,19000
932,835,30000
932,291,47000
932,14,12000
933,843,16000
933,620,11000
933,822,30000
933,234,10000
934,436,33000
934,655,39000
935,603,29000
935,872,31000
936,997,16000
936,893,39000
936,778,12000
936,130,49000
937,884,24000
937,510,19000
937,935,38000
938,617,30000
939,381,36000
939,590,48000
939,917,13000
940,432,38000
940,240,36000
941,358,11000
941,144,49000
942,922,21000
942,303,28000
942,276,26000
942,309,12000
942,471,17000
943,780,28000
943,111,10000
943,336,25000
943,548,31000
944,397,50000
944,228,18000
945,170,28000
945,454,29000
946,981,47000
946,927,40000
947,185,42000
947,125,32000
947,860,47000
948,604,48000
948,217,11000
948,383,16000
949,541,42000
949,733,10000
949,736,19000
949,694,23000
949,288,50000
950,148,38000
950,292,17000
951,630,15000
951,694,37000
951,717,36000
952,423,30000
952,568,49000
952,89,17000
953,601,23000
953,25,41000
953,396,18000
953,645,42000
953,846,15000
954,476,25000
954,198,46000
954,23,25000
954,42,37000
955,987,44000
955,390,22000
955,628,14000
955,214,12000
955,130,11000
956,867,37000
956,718,33000
956,439,30000
957,985,34000
957,973,38000
957,855,27000
957,375,17000
957,689,10000
958,944,19000
958,335,18000
958,393,21000
958,952,26000
959,289,37000
959,135,21000
960,851,10000
960,564,17000
960,878,39000
960,707,18000
961,326,19000
961,793,27000
961,249,35000
962,350,43000
962,202,19000
962,417,43000
962,646,26000
963,624,44000
963,24,15000
963,970,50000
963,809,37000
963,522,36000
964,552,49000
964,888,23000
965,386,28000
965,80,43000
966,456,43000
966,554,12000
967,641,14000
967,289,14000
968,927,42000
968,535,32000
968,650,10000
969,175,38000
969,391,48000
969,289,16000
969,459,23000
970,131,34000
971,630,43000
971,847,40000
971,852,31000
971,395,44000
971,450,19000
972,54,42000
972,254,19000
972,593,31000
973,530,23000
973,952,19000
973,436,39000
973,439,45000
974,6,13000
974,72,29000
974,654,44000
974,380,44000
975,202,24000
975,655,40000
976,25,18000
976,900,42000
977,853,19000
977,9,27000
978,98,40000
978,222,16000
978,910,37000
978,695,16000
978,988,35000
979,869,43000
979,42,11000
979,622,28000
980,443,15000
980,981,10000
980,712,25000
981,771,31000
981,505,35000
981,808,11000
981,656,46000
982,902,23000
982,932,23000
982,345,16000
982,613,26000
982,467,36000
983,13,15000
983,832,37000
983,160,35000
984,636,10000
984,738,19000
984,511,29000
985,447,27000
985,89,35000
985,604,22000
985,25,23000
986,352,12000
986,92,25000
987,573,44000
987,745,31000
988,488,49000
988,557,26000
988,902,15000
988,966,11000
989,466,14000
989,141,29000
989,691,39000
990,245,12000
990,76,25000
990,849,22000
991,372,29000
991,143,36000
991,97,16000
991,572,16000
992,647,36000
992,674,32000
992,544,50000
993,269,37000
993,607,46000
993,163,15000
994,269,44000
994,192,25000
994,564,30000
995,379,34000
995,156,45000
995,998,34000
996,134,47000
996,586,15000
996,72,29000
997,251,26000
997,793,38000
997,45,39000
997,5,19000
998,645,50000
998,749,50000
999,630,32000
1000,330,20000
1000,650,22000
