split_group_id,room_no,store_name,address,center_lat,center_lng,status,created_by_room_member_id,closed_at,created_at,updated_at
800001,268,마포순대,서울 마포구 독막로 15,37.5436414,126.9481245,CLOSED,301041,2024-06-29 23:16:09,2024-06-29 17:43:09,2024-06-29 18:23:09
800002,268,마포순대,서울 마포구 독막로 15,37.5448163,126.9491037,OPEN,301042,,2024-07-03 07:01:00,2024-07-03 07:52:00
800003,180,광주짬뽕,광주 서구 화정로 5,35.1541041,126.8529551,CLOSED,300682,2024-03-01 06:35:36,2024-03-01 01:55:36,2024-03-01 03:19:36
800004,180,광주짬뽕,광주 서구 화정로 5,35.1516165,126.8531325,CLOSED,300685,2026-03-15 04:33:37,2026-03-14 21:58:37,2026-03-14 23:41:37
800005,417,안양우동,경기 안양시 만안구 냉천로 22,37.3901751,126.9527512,CLOSED,301643,2024-05-07 19:00:11,2024-05-07 16:47:11,2024-05-07 18:16:11
800006,417,안양우동,경기 안양시 만안구 냉천로 22,37.3901273,126.951567,CLOSED,301645,2024-05-06 20:13:55,2024-05-06 18:44:55,2024-05-06 19:13:55
800007,519,종로파스타,서울 종로구 율곡로 20,37.5748829,126.9908714,CLOSED,302033,2025-04-04 08:33:42,2025-04-04 05:05:42,2025-04-04 05:16:42
800008,519,종로파스타,서울 종로구 율곡로 20,37.5754437,126.9909739,CLOSED,302036,2025-03-31 00:19:41,2025-03-30 22:34:41,2025-03-30 23:38:41
800009,110,강남스시바,서울 강남구 선릉로 88,37.5041161,127.0499372,CLOSED,300409,2024-04-23 17:50:56,2024-04-23 13:34:56,2024-04-23 15:24:56
800010,110,강남스시바,서울 강남구 선릉로 88,37.5024049,127.0479241,OPEN,300410,,2026-04-09 23:48:53,2026-04-10 00:05:53
800011,573,강남국밥,서울 강남구 테헤란로 12,37.4981337,127.0278326,CLOSED,302238,2024-08-09 01:36:44,2024-08-08 23:19:44,2024-08-08 23:55:44
800012,573,강남국밥,서울 강남구 테헤란로 12,37.4987102,127.0273083,CLOSED,302233,2024-08-08 04:50:10,2024-08-07 23:56:10,2024-08-08 00:46:10
800013,75,대구분식,대구 중구 교동 10,35.8683501,128.5966327,CLOSED,300275,2025-07-08 09:29:57,2025-07-08 04:05:57,2025-07-08 05:01:57
800014,75,대구분식,대구 중구 교동 10,35.8703794,128.5976494,OPEN,300275,,2025-07-08 06:15:33,2025-07-08 07:01:33
800015,516,광주돈까스,광주 서구 풍암동 22,35.1475003,126.848201,CLOSED,302023,2024-07-09 23:14:40,2024-07-09 20:01:40,2024-07-09 21:15:40
800016,516,광주돈까스,광주 서구 풍암동 22,35.1460008,126.8461387,OPEN,302023,,2024-07-08 10:20:37,2024-07-08 11:15:37
800017,302,광주우동,광주 서구 상무민주로 14,35.1529376,126.8498593,CLOSED,301174,2025-07-21 00:16:21,2025-07-20 21:28:21,2025-07-20 21:33:21
800018,302,광주우동,광주 서구 상무민주로 14,35.1512253,126.8527037,CLOSED,301173,2025-06-10 22:11:39,2025-06-10 16:25:39,2025-06-10 17:40:39
800019,349,광주짬뽕,광주 서구 화정로 5,35.15206,126.8555585,CLOSED,301363,2025-10-20 13:32:27,2025-10-20 11:48:27,2025-10-20 12:12:27
800020,349,광주짬뽕,광주 서구 화정로 5,35.1532763,126.8528697,CLOSED,301362,2025-07-26 15:55:10,2025-07-26 12:05:10,2025-07-26 12:21:10
800021,120,종로라멘,서울 종로구 삼일대로 33,37.5713809,126.9812016,CLOSED,300453,2025-06-21 09:13:09,2025-06-21 07:08:09,2025-06-21 08:15:09
800022,120,종로라멘,서울 종로구 삼일대로 33,37.5703917,126.9832686,CLOSED,300451,2025-03-22 15:12:29,2025-03-22 10:28:29,2025-03-22 12:11:29
800023,526,성수샌드,서울 성동구 서울숲2길 4,37.5451111,127.0449092,OPEN,302066,,2024-06-03 00:17:25,2024-06-03 01:57:25
800024,526,성수샌드,서울 성동구 서울숲2길 4,37.5447597,127.0438073,CLOSED,302066,2024-05-16 05:28:41,2024-05-15 23:57:41,2024-05-16 00:42:41
800025,264,마포갈비,서울 마포구 마포대로 40,37.5462603,126.9528277,CLOSED,301023,2024-12-11 23:56:07,2024-12-11 18:26:07,2024-12-11 19:28:07
800026,264,마포갈비,서울 마포구 마포대로 40,37.5480926,126.9521502,CLOSED,301023,2024-12-08 01:42:34,2024-12-08 00:02:34,2024-12-08 01:07:34
800027,551,대전라멘,대전 서구 한밭대로 30,36.3509237,127.3847924,CLOSED,302154,2025-01-10 10:54:53,2025-01-10 07:53:53,2025-01-10 09:35:53
800028,551,대전라멘,대전 서구 한밭대로 30,36.3492866,127.3871071,CLOSED,302153,2025-01-29 13:37:34,2025-01-29 10:47:34,2025-01-29 11:23:34
800029,589,대전라멘,대전 서구 한밭대로 30,36.3503932,127.385283,CLOSED,302296,2025-04-26 07:58:57,2025-04-26 03:42:57,2025-04-26 04:41:57
800030,589,대전라멘,대전 서구 한밭대로 30,36.3514927,127.3857619,CLOSED,302294,2025-04-02 15:08:36,2025-04-02 10:23:36,2025-04-02 11:12:36
800031,257,광주한정식,광주 서구 상무대로 20,35.1480495,126.8508182,CLOSED,300994,2024-11-11 10:20:26,2024-11-11 07:46:26,2024-11-11 09:27:26
800032,257,광주한정식,광주 서구 상무대로 20,35.1489731,126.8538171,OPEN,300992,,2025-06-03 21:40:39,2025-06-03 21:46:39
800033,454,종로파스타,서울 종로구 율곡로 20,37.5748475,126.9901857,CLOSED,301778,2025-01-10 07:55:51,2025-01-10 02:39:51,2025-01-10 03:10:51
800034,454,종로파스타,서울 종로구 율곡로 20,37.5755064,126.9916242,CLOSED,301776,2024-12-31 22:32:54,2024-12-31 20:40:54,2024-12-31 22:13:54
800035,387,마포라멘,서울 마포구 월드컵북로 20,37.5612123,126.925619,CLOSED,301519,2024-09-15 21:51:59,2024-09-15 18:53:59,2024-09-15 19:23:59
800036,387,마포라멘,서울 마포구 월드컵북로 20,37.5644571,126.9230763,CLOSED,301522,2024-09-15 08:48:58,2024-09-15 04:05:58,2024-09-15 05:34:58
800037,577,종로파스타,서울 종로구 율곡로 20,37.5743984,126.9892618,OPEN,302250,,2025-02-26 16:29:32,2025-02-26 18:04:32
800038,577,종로파스타,서울 종로구 율곡로 20,37.5777054,126.988086,CLOSED,302248,2025-02-26 13:18:01,2025-02-26 07:18:01,2025-02-26 08:21:01
800039,496,성수샌드,서울 성동구 서울숲2길 4,37.5425735,127.0452372,CLOSED,301937,2024-04-03 21:45:09,2024-04-03 18:35:09,2024-04-03 20:15:09
800040,496,성수샌드,서울 성동구 서울숲2길 4,37.5450032,127.0460147,CLOSED,301936,2024-04-05 03:21:00,2024-04-05 02:00:00,2024-04-05 02:40:00
800041,250,안양분식,경기 안양시 만안구 안양천로 3,37.3956277,126.9463512,CLOSED,300963,2024-05-25 19:42:35,2024-05-25 14:12:35,2024-05-25 16:11:35
800042,250,안양분식,경기 안양시 만안구 안양천로 3,37.3968821,126.9496389,CLOSED,300963,2024-06-05 23:40:30,2024-06-05 19:28:30,2024-06-05 19:52:30
800043,348,대전갈비탕,대전 서구 계백로 22,36.3483241,127.3827362,CLOSED,301357,2025-02-21 07:16:11,2025-02-21 04:28:11,2025-02-21 05:56:11
800044,348,대전소울푸드,대전 서구 둔산로 10,36.3510249,127.3847594,CLOSED,301357,2024-11-02 04:58:42,2024-11-02 02:34:42,2024-11-02 03:34:42
800045,470,광주우동,광주 서구 상무민주로 14,35.1523581,126.8495821,CLOSED,301833,2025-08-13 02:13:56,2025-08-12 22:53:56,2025-08-12 23:21:56
800046,470,광주우동,광주 서구 상무민주로 14,35.1502134,126.8519824,OPEN,301838,,2026-03-30 14:16:04,2026-03-30 15:13:04
800047,472,마포라멘,서울 마포구 월드컵북로 20,37.561739,126.9260498,CLOSED,301848,2024-10-06 00:55:10,2024-10-05 23:20:10,2024-10-05 23:38:10
800048,472,마포라멘,서울 마포구 월드컵북로 20,37.5619236,126.9231043,CLOSED,301844,2025-08-31 17:57:19,2025-08-31 15:15:19,2025-08-31 15:49:19
800049,601,대구탕수육,대구 중구 달구벌대로 33,35.8687359,128.5935498,CLOSED,302347,2026-02-16 09:43:11,2026-02-16 04:46:11,2026-02-16 06:22:11
800050,601,대구탕수육,대구 중구 달구벌대로 33,35.8710582,128.5920601,CLOSED,302347,2025-02-04 15:52:16,2025-02-04 12:04:16,2025-02-04 12:13:16
800051,29,안양돈까스,경기 안양시 만안구 삼덕로 5,37.3942645,126.9477084,CLOSED,300104,2026-06-10 13:04:03,2026-06-10 10:40:03,2026-06-10 11:10:03
800052,29,안양돈까스,경기 안양시 만안구 삼덕로 5,37.3957102,126.9471049,CLOSED,300105,2025-12-26 13:29:20,2025-12-26 09:15:20,2025-12-26 11:13:20
800053,494,성수초밥,서울 성동구 성수이로 7,37.5441009,127.0595031,CLOSED,301926,2024-04-09 19:43:33,2024-04-09 13:36:33,2024-04-09 14:59:33
800054,494,성수초밥,서울 성동구 성수이로 7,37.5455111,127.0569829,CLOSED,301929,2024-04-20 04:14:05,2024-04-20 01:46:05,2024-04-20 03:43:05
800055,690,종로탕수육,서울 종로구 돈화문로 7,37.5687594,126.9827582,CLOSED,302724,2025-02-16 14:56:56,2025-02-16 12:39:56,2025-02-16 14:21:56
800056,690,종로탕수육,서울 종로구 돈화문로 7,37.5707598,126.9846147,CLOSED,302724,2025-02-14 07:25:07,2025-02-14 06:06:07,2025-02-14 06:48:07
800057,265,광주우동,광주 서구 상무민주로 14,35.1521149,126.8527514,CLOSED,301028,2026-01-22 22:57:15,2026-01-22 20:56:15,2026-01-22 21:15:15
800058,265,광주우동,광주 서구 상무민주로 14,35.1497155,126.8513613,CLOSED,301028,2025-09-07 07:08:55,2025-09-07 05:44:55,2025-09-07 06:46:55
800059,70,종로분식,서울 종로구 창경궁로 5,37.5722963,126.9815943,OPEN,300254,,2024-07-06 02:08:29,2024-07-06 02:45:29
800060,70,종로분식,서울 종로구 창경궁로 5,37.5738249,126.9815363,CLOSED,300252,2024-08-26 23:27:44,2024-08-26 22:03:44,2024-08-26 22:19:44
800061,392,성수카페밥,서울 성동구 뚝섬로 50,37.5465147,127.0495224,CLOSED,301541,2025-03-04 23:02:04,2025-03-04 20:08:04,2025-03-04 21:31:04
800062,392,성수카페밥,서울 성동구 뚝섬로 50,37.5457155,127.0508482,CLOSED,301543,2025-02-15 08:41:01,2025-02-15 06:52:01,2025-02-15 07:17:01
800063,649,광주토스트,광주 서구 금호로 3,35.1505058,126.8504702,CLOSED,302545,2024-06-15 19:24:34,2024-06-15 15:45:34,2024-06-15 16:47:34
800064,649,광주토스트,광주 서구 금호로 3,35.1498346,126.8534216,CLOSED,302545,2024-06-15 14:45:31,2024-06-15 13:52:31,2024-06-15 14:29:31
800065,226,성수카페밥,서울 성동구 뚝섬로 50,37.5467675,127.0504049,CLOSED,300872,2024-03-26 09:11:21,2024-03-26 04:29:21,2024-03-26 05:32:21
800066,226,성수카페밥,서울 성동구 뚝섬로 50,37.5475145,127.0512805,OPEN,300872,,2024-03-07 00:03:00,2024-03-07 01:27:00
800067,236,해운대짜장,부산 해운대구 좌동로 8,35.1681469,129.1824153,CLOSED,300910,2024-09-16 20:45:14,2024-09-16 16:09:14,2024-09-16 17:37:14
800068,236,해운대짜장,부산 해운대구 좌동로 8,35.1696678,129.179713,OPEN,300910,,2024-09-16 09:07:32,2024-09-16 09:25:32
800069,324,해운대분식,부산 해운대구 구남로 22,35.1563725,129.1581972,OPEN,301255,,2025-02-28 23:18:01,2025-02-28 23:27:01
800070,324,해운대분식,부산 해운대구 구남로 22,35.1582019,129.1581713,OPEN,301254,,2025-03-07 11:44:12,2025-03-07 13:36:12
800071,423,대전토스트,대전 서구 둔산로 20,36.349655,127.3838394,CLOSED,301666,2024-11-07 21:17:37,2024-11-07 15:51:37,2024-11-07 16:38:37
800072,423,대전토스트,대전 서구 둔산로 20,36.3519488,127.3849347,CLOSED,301667,2024-11-18 23:10:51,2024-11-18 17:05:51,2024-11-18 18:30:51
800073,362,대전짜장,대전 서구 탄방동 12,36.3493006,127.384493,CLOSED,301412,2024-01-19 14:01:09,2024-01-19 08:44:09,2024-01-19 09:22:09
800074,362,대전짜장,대전 서구 탄방동 12,36.3505347,127.3829309,CLOSED,301413,2024-01-28 06:44:37,2024-01-28 03:54:37,2024-01-28 05:02:37
800075,529,해운대스테이크,부산 해운대구 달맞이길 55,35.1659499,129.1698293,CLOSED,302077,2024-10-19 10:07:35,2024-10-19 07:53:35,2024-10-19 08:57:35
800076,529,해운대스테이크,부산 해운대구 달맞이길 55,35.1630452,129.1698047,CLOSED,302077,2024-11-20 01:58:37,2024-11-19 22:44:37,2024-11-20 00:00:37
800077,549,광주우동,광주 서구 상무민주로 14,35.1512,126.8520681,CLOSED,302145,2024-09-10 16:29:25,2024-09-10 11:17:25,2024-09-10 12:00:25
800078,549,광주우동,광주 서구 상무민주로 14,35.1523282,126.8497761,CLOSED,302147,2024-09-20 15:40:29,2024-09-20 13:59:29,2024-09-20 15:16:29
800079,10,수원돈부리,경기 수원시 팔달구 수원로 20,37.2865826,127.012926,OPEN,300034,,2024-07-19 08:26:03,2024-07-19 08:35:03
800080,10,수원돈부리,경기 수원시 팔달구 수원로 20,37.2873404,127.0121974,CLOSED,300034,2024-07-19 19:52:11,2024-07-19 18:17:11,2024-07-19 19:14:11
800081,270,대구분식,대구 중구 교동 10,35.8672649,128.5965972,CLOSED,301045,2025-08-03 12:21:29,2025-08-03 07:23:29,2025-08-03 09:10:29
800082,270,대구분식,대구 중구 교동 10,35.8676639,128.5984228,OPEN,301046,,2026-06-13 23:08:51,2026-06-14 01:00:51
800083,255,대구파스타,대구 중구 국채보상로 77,35.8744313,128.5958394,OPEN,300984,,2024-07-27 22:20:51,2024-07-27 23:55:51
800084,255,대구파스타,대구 중구 국채보상로 77,35.8743178,128.5942105,CLOSED,300984,2024-07-21 06:37:47,2024-07-21 01:44:47,2024-07-21 02:36:47
800085,295,대전토스트,대전 서구 둔산로 20,36.3516534,127.3847751,CLOSED,301151,2024-12-29 23:11:06,2024-12-29 19:34:06,2024-12-29 21:18:06
800086,295,대전토스트,대전 서구 둔산로 20,36.3493605,127.3849339,OPEN,301152,,2025-01-04 11:30:49,2025-01-04 11:59:49
800087,96,수원돈부리,경기 수원시 팔달구 수원로 20,37.2867069,127.0115309,CLOSED,300349,2024-09-18 20:19:56,2024-09-18 15:28:56,2024-09-18 15:45:56
800088,96,수원돈부리,경기 수원시 팔달구 수원로 20,37.2840164,127.0147293,CLOSED,300353,2024-09-18 17:18:24,2024-09-18 14:58:24,2024-09-18 16:09:24
800089,409,수원토스트,경기 수원시 팔달구 매산로 11,37.2880647,127.0149822,CLOSED,301612,2025-02-24 16:24:48,2025-02-24 11:30:48,2025-02-24 11:48:48
800090,409,수원토스트,경기 수원시 팔달구 매산로 11,37.2857702,127.0131066,CLOSED,301614,2025-03-12 11:36:33,2025-03-12 08:58:33,2025-03-12 09:44:33
800091,351,대구분식,대구 중구 교동 10,35.8680945,128.596061,CLOSED,301372,2025-01-01 16:43:57,2025-01-01 14:49:57,2025-01-01 15:13:57
800092,351,대구분식,대구 중구 교동 10,35.8680842,128.5997731,CLOSED,301370,2025-01-03 16:12:30,2025-01-03 12:04:30,2025-01-03 13:19:30
800093,78,마포짬뽕,서울 마포구 신촌로 10,37.5561623,126.9352029,CLOSED,300287,2025-02-03 07:12:52,2025-02-03 02:46:52,2025-02-03 04:09:52
800094,78,마포짬뽕,서울 마포구 신촌로 10,37.5555344,126.9353445,OPEN,300290,,2025-01-21 10:47:07,2025-01-21 11:05:07
800095,568,광주짬뽕,광주 서구 화정로 5,35.1534653,126.8532498,CLOSED,302217,2026-05-17 11:53:12,2026-05-17 06:35:12,2026-05-17 07:55:12
800096,568,광주짬뽕,광주 서구 화정로 5,35.1528628,126.8525272,OPEN,302219,,2026-02-01 00:04:09,2026-02-01 01:46:09
800097,183,광주짬뽕,광주 서구 화정로 5,35.1547898,126.8525749,CLOSED,300696,2024-09-11 17:26:34,2024-09-11 14:13:34,2024-09-11 15:18:34
800098,183,광주짬뽕,광주 서구 화정로 5,35.1528131,126.8521211,CLOSED,300696,2024-09-05 05:32:35,2024-09-05 00:51:35,2024-09-05 02:36:35
800099,488,강남스시바,서울 강남구 선릉로 88,37.503129,127.0483945,CLOSED,301906,2024-07-26 08:11:33,2024-07-26 04:41:33,2024-07-26 06:34:33
800100,488,강남스시바,서울 강남구 선릉로 88,37.5033035,127.0495978,CLOSED,301904,2024-07-24 23:12:45,2024-07-24 20:19:45,2024-07-24 22:08:45
800101,322,안양우동,경기 안양시 만안구 냉천로 22,37.3921918,126.9528956,CLOSED,301247,2024-07-17 03:39:50,2024-07-17 00:50:50,2024-07-17 01:25:50
800102,322,안양우동,경기 안양시 만안구 냉천로 22,37.3931373,126.9507414,CLOSED,301247,2024-07-24 01:29:09,2024-07-23 20:19:09,2024-07-23 21:39:09
800103,363,강남토스트,서울 강남구 강남대로 99,37.4954573,127.0283843,CLOSED,301416,2024-02-10 16:41:47,2024-02-10 12:08:47,2024-02-10 12:22:47
800104,363,강남토스트,서울 강남구 강남대로 99,37.4988235,127.0262784,OPEN,301414,,2024-01-17 13:15:27,2024-01-17 13:59:27
800105,224,마포짬뽕,서울 마포구 신촌로 10,37.5572681,126.938549,CLOSED,300865,2024-09-20 01:54:55,2024-09-19 23:37:55,2024-09-19 23:53:55
800106,224,마포짬뽕,서울 마포구 신촌로 10,37.5555599,126.9373117,CLOSED,300866,2024-10-09 03:37:12,2024-10-08 23:45:12,2024-10-09 00:58:12
800107,588,종로분식,서울 종로구 창경궁로 5,37.574674,126.9827467,CLOSED,302293,2025-03-01 12:19:47,2025-03-01 08:51:47,2025-03-01 09:34:47
800108,588,종로분식,서울 종로구 창경궁로 5,37.573446,126.9810417,OPEN,302291,,2025-03-14 06:55:34,2025-03-14 07:01:34
800109,276,대전갈비탕,대전 서구 계백로 22,36.3460034,127.3822401,CLOSED,301072,2024-03-25 19:41:45,2024-03-25 17:49:45,2024-03-25 19:04:45
800110,276,대전소울푸드,대전 서구 둔산로 10,36.349341,127.3853089,OPEN,301073,,2024-03-24 00:35:23,2024-03-24 00:43:23
800111,188,광주육전,광주 서구 치평로 8,35.1521805,126.85065,CLOSED,300717,2025-05-11 13:44:50,2025-05-11 08:59:50,2025-05-11 09:52:50
800112,188,광주한정식,광주 서구 상무대로 20,35.1509599,126.8512171,CLOSED,300715,2025-04-24 22:28:17,2025-04-24 17:22:17,2025-04-24 19:14:17
800113,195,종로백반,서울 종로구 종로 45,37.5726317,126.9812999,CLOSED,300745,2024-03-11 14:19:45,2024-03-11 09:37:45,2024-03-11 10:00:45
800114,195,종로백반,서울 종로구 종로 45,37.5735743,126.9801816,CLOSED,300746,2025-11-23 06:10:55,2025-11-23 00:12:55,2025-11-23 02:07:55
800115,511,안양우동,경기 안양시 만안구 냉천로 22,37.3915389,126.949903,CLOSED,302000,2025-04-07 15:30:25,2025-04-07 10:15:25,2025-04-07 11:30:25
800116,511,안양우동,경기 안양시 만안구 냉천로 22,37.3928485,126.950077,CLOSED,302000,2026-03-01 21:23:06,2026-03-01 17:34:06,2026-03-01 19:12:06
800117,205,대전토스트,대전 서구 둔산로 20,36.3508195,127.3834527,OPEN,300782,,2025-01-11 18:58:16,2025-01-11 20:04:16
800118,205,대전토스트,대전 서구 둔산로 20,36.3498597,127.3833129,CLOSED,300781,2025-01-15 21:45:32,2025-01-15 18:00:32,2025-01-15 19:12:32
800119,241,해운대밀면,부산 해운대구 해운대로 30,35.1642924,129.16275,CLOSED,300926,2025-05-03 21:51:08,2025-05-03 15:33:08,2025-05-03 17:05:08
800120,241,해운대돼지국밥,부산 해운대구 중동1로 5,35.1598507,129.1598769,CLOSED,300931,2025-03-12 14:08:01,2025-03-12 09:01:01,2025-03-12 10:06:01
800121,248,대구파스타,대구 중구 국채보상로 77,35.8711413,128.5966915,CLOSED,300955,2025-05-04 18:26:11,2025-05-04 16:09:11,2025-05-04 16:51:11
800122,248,대구파스타,대구 중구 국채보상로 77,35.8732914,128.5956253,CLOSED,300955,2026-02-06 03:37:11,2026-02-06 00:42:11,2026-02-06 02:01:11
800123,272,종로라멘,서울 종로구 삼일대로 33,37.5693074,126.9831351,CLOSED,301054,2024-03-29 04:56:52,2024-03-29 00:07:52,2024-03-29 00:28:52
800124,272,종로라멘,서울 종로구 삼일대로 33,37.5690568,126.9804462,CLOSED,301053,2024-04-07 12:54:04,2024-04-07 08:39:04,2024-04-07 10:33:04
800125,212,대구분식,대구 중구 교동 10,35.868045,128.5988031,CLOSED,300815,2025-12-30 08:24:11,2025-12-30 04:57:11,2025-12-30 06:45:11
800126,212,대구분식,대구 중구 교동 10,35.8708694,128.5983822,CLOSED,300813,2025-04-12 18:32:07,2025-04-12 16:51:07,2025-04-12 17:39:07
800127,235,해운대스테이크,부산 해운대구 달맞이길 55,35.1639518,129.1707607,CLOSED,300907,2025-03-14 06:16:08,2025-03-14 01:07:08,2025-03-14 02:50:08
800128,235,해운대스테이크,부산 해운대구 달맞이길 55,35.1660219,129.169464,CLOSED,300907,2025-03-10 20:38:32,2025-03-10 18:02:32,2025-03-10 18:13:32
800129,208,해운대짜장,부산 해운대구 좌동로 8,35.1689346,129.181734,CLOSED,300796,2025-03-28 13:20:32,2025-03-28 07:33:32,2025-03-28 08:38:32
800130,208,해운대짜장,부산 해운대구 좌동로 8,35.1680475,129.1827089,CLOSED,300796,2025-04-03 02:48:17,2025-04-02 21:00:17,2025-04-02 22:56:17
800131,256,대전라멘,대전 서구 한밭대로 30,36.3493895,127.3861252,CLOSED,300988,2024-03-04 19:50:24,2024-03-04 17:47:24,2024-03-04 19:19:24
800132,256,대전라멘,대전 서구 한밭대로 30,36.3500684,127.3843931,CLOSED,300989,2024-02-21 08:50:27,2024-02-21 05:35:27,2024-02-21 06:22:27
800133,634,팔달순대,경기 수원시 팔달구 향교로 5,37.2810798,127.0187109,CLOSED,302482,2025-04-05 18:17:39,2025-04-05 14:50:39,2025-04-05 16:28:39
800134,634,팔달순대,경기 수원시 팔달구 향교로 5,37.2790478,127.0163908,CLOSED,302481,2024-04-08 06:35:51,2024-04-08 04:00:51,2024-04-08 05:51:51
800135,365,광주우동,광주 서구 상무민주로 14,35.1491362,126.8514776,CLOSED,301425,2025-02-24 20:28:53,2025-02-24 18:03:53,2025-02-24 18:40:53
800136,365,광주우동,광주 서구 상무민주로 14,35.1528312,126.8493455,OPEN,301429,,2025-02-16 21:53:44,2025-02-16 23:28:44
800137,160,안양짜장,경기 안양시 만안구 박달로 8,37.389584,126.9537826,CLOSED,300613,2024-05-13 13:52:54,2024-05-13 10:51:54,2024-05-13 12:08:54
800138,160,안양짜장,경기 안양시 만안구 박달로 8,37.3896908,126.9521055,CLOSED,300614,2024-04-15 21:40:48,2024-04-15 16:12:48,2024-04-15 17:38:48
800139,696,만안감자탕,경기 안양시 만안구 만안로 30,37.3895312,126.9513306,CLOSED,302743,2025-02-08 15:33:46,2025-02-08 14:12:46,2025-02-08 14:52:46
800140,696,만안감자탕,경기 안양시 만안구 만안로 30,37.3897623,126.9519669,OPEN,302743,,2025-02-17 20:21:24,2025-02-17 20:48:24
800141,123,만안감자탕,경기 안양시 만안구 만안로 30,37.3901625,126.951725,CLOSED,300463,2025-01-10 22:58:17,2025-01-10 21:17:17,2025-01-10 21:35:17
800142,123,만안감자탕,경기 안양시 만안구 만안로 30,37.3882816,126.9529102,CLOSED,300466,2024-12-23 01:16:17,2024-12-23 00:20:17,2024-12-23 00:29:17
800143,81,성동중화요리,서울 성동구 고산자로 22,37.5625613,127.0417316,OPEN,300300,,2024-08-03 05:25:40,2024-08-03 06:53:40
800144,81,성동중화요리,서울 성동구 고산자로 22,37.5622986,127.0400615,CLOSED,300300,2024-08-12 05:46:50,2024-08-12 00:16:50,2024-08-12 02:16:50
800145,505,성동중화요리,서울 성동구 고산자로 22,37.5600132,127.0418166,CLOSED,301977,2024-03-13 23:44:04,2024-03-13 20:25:04,2024-03-13 21:39:04
800146,505,성동중화요리,서울 성동구 고산자로 22,37.5616025,127.0405291,CLOSED,301978,2024-03-17 12:04:33,2024-03-17 08:32:33,2024-03-17 09:19:33
800147,7,안양짜장,경기 안양시 만안구 박달로 8,37.3890418,126.9521598,CLOSED,300024,2024-10-17 16:32:06,2024-10-17 12:12:06,2024-10-17 12:27:06
800148,7,안양짜장,경기 안양시 만안구 박달로 8,37.3871955,126.9525604,CLOSED,300024,2024-10-19 18:50:59,2024-10-19 15:34:59,2024-10-19 17:03:59
800149,555,광주우동,광주 서구 상무민주로 14,35.1495598,126.8497724,CLOSED,302171,2024-12-22 09:43:16,2024-12-22 06:17:16,2024-12-22 07:56:16
800150,555,광주우동,광주 서구 상무민주로 14,35.1515736,126.8509987,CLOSED,302170,2024-12-04 07:55:30,2024-12-04 01:23:30,2024-12-04 03:09:30
800151,44,안양돈까스,경기 안양시 만안구 삼덕로 5,37.395622,126.9448467,CLOSED,300159,2024-08-27 11:55:58,2024-08-27 10:36:58,2024-08-27 11:24:58
800152,44,안양돈까스,경기 안양시 만안구 삼덕로 5,37.3969418,126.9459556,CLOSED,300158,2024-09-13 15:35:45,2024-09-13 14:53:45,2024-09-13 15:07:45
800153,674,마포버거,서울 마포구 양화로 55,37.5519707,126.9185951,OPEN,302653,,2025-09-04 07:17:28,2025-09-04 07:27:28
800154,674,마포버거,서울 마포구 양화로 55,37.5528247,126.9166828,CLOSED,302657,2026-04-14 17:50:42,2026-04-14 16:07:42,2026-04-14 16:51:42
800155,381,대전짜장,대전 서구 탄방동 12,36.3489886,127.3851967,OPEN,301495,,2024-06-08 07:46:10,2024-06-08 08:05:10
800156,381,대전짜장,대전 서구 탄방동 12,36.3502461,127.3859288,OPEN,301496,,2024-07-09 09:08:40,2024-07-09 09:56:40
800157,323,대구탕수육,대구 중구 달구벌대로 33,35.8692864,128.5958588,CLOSED,301250,2026-04-09 11:22:11,2026-04-09 08:48:11,2026-04-09 10:02:11
800158,323,대구탕수육,대구 중구 달구벌대로 33,35.8690956,128.5950302,CLOSED,301250,2025-10-04 15:38:34,2025-10-04 14:14:34,2025-10-04 14:27:34
800159,628,해운대돼지국밥,부산 해운대구 중동1로 5,35.1583335,129.1611642,CLOSED,302456,2026-03-05 11:34:31,2026-03-05 10:28:31,2026-03-05 11:04:31
800160,628,해운대밀면,부산 해운대구 해운대로 30,35.1611289,129.1652045,CLOSED,302455,2026-05-19 11:55:48,2026-05-19 11:27:48,2026-05-19 11:42:48
800161,686,해운대돼지국밥,부산 해운대구 중동1로 5,35.1586246,129.1605593,CLOSED,302709,2024-08-24 20:22:01,2024-08-24 18:03:01,2024-08-24 19:08:01
800162,686,해운대돼지국밥,부산 해운대구 중동1로 5,35.1601851,129.1608688,CLOSED,302706,2024-08-10 07:32:55,2024-08-10 05:40:55,2024-08-10 07:03:55
800163,282,대구라멘,대구 중구 서성로 12,35.8707676,128.5929464,CLOSED,301098,2024-08-18 04:45:52,2024-08-18 01:19:52,2024-08-18 02:35:52
800164,282,대구라멘,대구 중구 서성로 12,35.8708771,128.5920813,OPEN,301098,,2024-08-24 13:12:20,2024-08-24 14:21:20
800165,503,해운대초밥,부산 해운대구 해운대해변로 100,35.159441,129.1622743,CLOSED,301967,2024-09-22 04:10:55,2024-09-22 00:58:55,2024-09-22 02:44:55
800166,503,해운대초밥,부산 해운대구 해운대해변로 100,35.1578403,129.1601387,CLOSED,301966,2024-06-06 02:54:58,2024-06-05 23:27:58,2024-06-05 23:38:58
800167,645,강남설렁탕,서울 강남구 역삼로 34,37.4976036,127.031342,CLOSED,302533,2024-02-27 03:34:53,2024-02-26 22:38:53,2024-02-26 22:49:53
800168,645,강남국밥,서울 강남구 테헤란로 12,37.4982708,127.0269039,CLOSED,302531,2024-02-02 15:42:39,2024-02-02 10:08:39,2024-02-02 11:45:39
800169,524,광주육전,광주 서구 치평로 8,35.1503923,126.850951,CLOSED,302058,2025-07-25 15:53:31,2025-07-25 13:01:31,2025-07-25 13:47:31
800170,524,광주육전,광주 서구 치평로 8,35.1523404,126.8482174,OPEN,302059,,2025-06-27 02:41:35,2025-06-27 03:46:35
800171,287,대구라멘,대구 중구 서성로 12,35.8715493,128.5895456,CLOSED,301119,2025-03-16 12:14:37,2025-03-16 09:30:37,2025-03-16 10:33:37
800172,287,대구라멘,대구 중구 서성로 12,35.8705088,128.5917688,OPEN,301118,,2025-03-11 10:53:53,2025-03-11 11:40:53
800173,408,광주토스트,광주 서구 금호로 3,35.1486848,126.8513743,CLOSED,301610,2024-11-13 20:22:48,2024-11-13 15:35:48,2024-11-13 16:38:48
800174,408,광주토스트,광주 서구 금호로 3,35.1503125,126.852211,CLOSED,301609,2024-11-15 20:49:50,2024-11-15 17:49:50,2024-11-15 19:12:50
800175,228,대전피자,대전 서구 월평동 5,36.3533663,127.384348,CLOSED,300879,2026-05-02 03:06:50,2026-05-01 23:11:50,2026-05-02 01:06:50
800176,228,대전피자,대전 서구 월평동 5,36.352737,127.3818896,CLOSED,300881,2025-04-20 07:29:03,2025-04-20 03:56:03,2025-04-20 04:32:03
800177,591,강남스시바,서울 강남구 선릉로 88,37.5036711,127.0471769,OPEN,302304,,2024-11-04 14:32:21,2024-11-04 14:37:21
800178,591,강남스시바,서울 강남구 선릉로 88,37.5038098,127.047962,CLOSED,302305,2024-10-11 05:30:58,2024-10-11 03:24:58,2024-10-11 04:30:58
800179,132,수원짬뽕,경기 수원시 팔달구 창룡대로 9,37.2844336,127.0189562,CLOSED,300505,2024-04-19 00:15:09,2024-04-18 22:26:09,2024-04-18 22:58:09
800180,132,수원짬뽕,경기 수원시 팔달구 창룡대로 9,37.2864317,127.0209891,CLOSED,300505,2024-04-17 21:17:24,2024-04-17 16:47:24,2024-04-17 17:12:24
800181,56,마포짬뽕,서울 마포구 신촌로 10,37.5547398,126.9384862,CLOSED,300202,2024-01-16 14:18:15,2024-01-16 08:45:15,2024-01-16 10:41:15
800182,56,마포짬뽕,서울 마포구 신촌로 10,37.5575737,126.9363316,OPEN,300199,,2024-01-14 17:11:05,2024-01-14 18:05:05
800183,539,강남설렁탕,서울 강남구 역삼로 34,37.4992009,127.0290286,CLOSED,302112,2024-09-03 08:40:38,2024-09-03 02:19:38,2024-09-03 03:53:38
800184,539,강남국밥,서울 강남구 테헤란로 12,37.4979589,127.02924,CLOSED,302111,2024-09-06 09:23:45,2024-09-06 07:06:45,2024-09-06 08:45:45
800185,434,수원갈비,경기 수원시 팔달구 정조로 12,37.2833623,127.0143011,CLOSED,301706,2024-08-25 13:27:18,2024-08-25 11:53:18,2024-08-25 12:57:18
800186,434,수원갈비,경기 수원시 팔달구 정조로 12,37.2828545,127.0140542,CLOSED,301705,2024-08-10 00:23:53,2024-08-09 21:00:53,2024-08-09 21:22:53
800187,490,광주우동,광주 서구 상무민주로 14,35.1525917,126.8510143,CLOSED,301916,2024-07-18 12:45:54,2024-07-18 08:49:54,2024-07-18 09:35:54
800188,490,광주우동,광주 서구 상무민주로 14,35.1509449,126.8511067,CLOSED,301913,2024-07-19 11:07:41,2024-07-19 06:17:41,2024-07-19 07:06:41
800189,554,광주돈까스,광주 서구 풍암동 22,35.1495978,126.8478079,CLOSED,302167,2024-06-07 12:06:17,2024-06-07 05:34:17,2024-06-07 07:24:17
800190,554,광주돈까스,광주 서구 풍암동 22,35.1463207,126.8495918,CLOSED,302167,2024-06-09 19:25:39,2024-06-09 17:28:39,2024-06-09 18:31:39
800191,34,안양돈까스,경기 안양시 만안구 삼덕로 5,37.3959853,126.9475,CLOSED,300120,2025-03-16 09:40:43,2025-03-16 07:56:43,2025-03-16 08:15:43
800192,34,안양돈까스,경기 안양시 만안구 삼덕로 5,37.3958956,126.9456805,CLOSED,300121,2026-01-26 03:26:15,2026-01-26 00:55:15,2026-01-26 02:09:15
800193,515,광주우동,광주 서구 상무민주로 14,35.1523398,126.8510785,CLOSED,302017,2024-05-04 03:35:29,2024-05-04 01:20:29,2024-05-04 01:27:29
800194,515,광주우동,광주 서구 상무민주로 14,35.1523676,126.850781,CLOSED,302017,2024-05-17 01:58:28,2024-05-16 20:10:28,2024-05-16 21:17:28
800195,356,해운대스테이크,부산 해운대구 달맞이길 55,35.1661571,129.1699071,OPEN,301393,,2024-07-01 21:05:33,2024-07-01 21:31:33
800196,356,해운대스테이크,부산 해운대구 달맞이길 55,35.1641375,129.1728249,CLOSED,301394,2024-06-19 10:40:50,2024-06-19 07:07:50,2024-06-19 07:30:50
800197,404,성수카페밥,서울 성동구 뚝섬로 50,37.5483573,127.0507714,CLOSED,301595,2024-12-06 22:27:10,2024-12-06 20:20:10,2024-12-06 20:48:10
800198,404,성수카페밥,서울 성동구 뚝섬로 50,37.5467636,127.0494787,CLOSED,301595,2024-11-25 01:55:41,2024-11-24 23:56:41,2024-11-25 00:41:41
800199,179,대전짜장,대전 서구 탄방동 12,36.3487937,127.3859019,CLOSED,300681,2024-09-30 20:19:38,2024-09-30 16:36:38,2024-09-30 16:59:38
800200,179,대전짜장,대전 서구 탄방동 12,36.3500741,127.3857912,OPEN,300681,,2024-10-03 15:20:57,2024-10-03 16:28:57
800201,469,대구파스타,대구 중구 국채보상로 77,35.8723251,128.5958218,CLOSED,301831,2025-01-03 17:16:04,2025-01-03 11:33:04,2025-01-03 12:47:04
800202,469,대구파스타,대구 중구 국채보상로 77,35.8736676,128.5961983,OPEN,301832,,2025-01-03 13:49:57,2025-01-03 15:07:57
800203,124,광주짬뽕,광주 서구 화정로 5,35.1546007,126.8525577,CLOSED,300467,2024-11-07 16:44:25,2024-11-07 10:51:25,2024-11-07 12:29:25
800204,124,광주짬뽕,광주 서구 화정로 5,35.1513699,126.8522201,CLOSED,300468,2024-11-12 20:58:36,2024-11-12 16:44:36,2024-11-12 17:46:36
800205,531,안양짜장,경기 안양시 만안구 박달로 8,37.3863344,126.9543978,CLOSED,302085,2024-02-02 12:39:31,2024-02-02 11:48:31,2024-02-02 12:18:31
800206,531,안양짜장,경기 안양시 만안구 박달로 8,37.3879619,126.9534127,OPEN,302085,,2024-02-08 03:32:12,2024-02-08 04:01:12
800207,677,마포버거,서울 마포구 양화로 55,37.5515918,126.9194152,OPEN,302672,,2025-05-04 12:40:15,2025-05-04 13:35:15
800208,677,마포버거,서울 마포구 양화로 55,37.5522323,126.9177823,CLOSED,302671,2025-04-30 23:36:30,2025-04-30 19:38:30,2025-04-30 20:27:30
800209,666,종로라멘,서울 종로구 삼일대로 33,37.5722147,126.9811545,CLOSED,302623,2024-08-01 18:54:15,2024-08-01 13:33:15,2024-08-01 15:12:15
800210,666,종로라멘,서울 종로구 삼일대로 33,37.5695746,126.9812129,CLOSED,302622,2024-07-31 03:50:14,2024-07-31 02:34:14,2024-07-31 02:56:14
800211,9,성동쌈밥,서울 성동구 성수일로 12,37.5443538,127.0556378,CLOSED,300030,2025-04-02 13:08:43,2025-04-02 08:05:43,2025-04-02 09:46:43
800212,9,성동쌈밥,서울 성동구 성수일로 12,37.547021,127.0545477,CLOSED,300029,2025-03-30 11:47:15,2025-03-30 05:12:15,2025-03-30 06:47:15
800213,13,성수초밥,서울 성동구 성수이로 7,37.5453383,127.0572157,CLOSED,300046,2024-08-05 00:41:12,2024-08-04 21:47:12,2024-08-04 21:57:12
800214,13,성수초밥,서울 성동구 성수이로 7,37.5432007,127.0585622,CLOSED,300047,2024-07-24 04:13:31,2024-07-24 01:25:31,2024-07-24 01:49:31
800215,216,대전짜장,대전 서구 탄방동 12,36.3486686,127.3839675,CLOSED,300832,2026-01-17 10:07:35,2026-01-17 05:31:35,2026-01-17 07:30:35
800216,216,대전짜장,대전 서구 탄방동 12,36.3509773,127.3822669,CLOSED,300832,2026-04-04 04:25:00,2026-04-03 23:23:00,2026-04-04 00:03:00
800217,389,수원토스트,경기 수원시 팔달구 매산로 11,37.287512,127.0139042,CLOSED,301530,2024-05-09 14:18:31,2024-05-09 10:56:31,2024-05-09 11:56:31
800218,389,수원토스트,경기 수원시 팔달구 매산로 11,37.2883811,127.0126514,CLOSED,301528,2024-05-17 15:33:25,2024-05-17 13:57:25,2024-05-17 15:15:25
800219,104,대구따로국밥,대구 중구 중앙대로 30,35.8708295,128.5942116,CLOSED,300383,2024-07-11 18:10:49,2024-07-11 15:18:49,2024-07-11 16:51:49
800220,104,대구막창,대구 중구 동성로 5,35.8687594,128.5961184,CLOSED,300382,2024-07-15 10:14:16,2024-07-15 08:50:16,2024-07-15 09:40:16
800221,334,마포김밥,서울 마포구 홍익로 3,37.557395,126.9226685,CLOSED,301299,2025-05-29 10:38:51,2025-05-29 07:58:51,2025-05-29 09:40:51
800222,334,마포김밥,서울 마포구 홍익로 3,37.5577418,126.9247534,OPEN,301298,,2025-08-28 20:23:40,2025-08-28 21:02:40
800223,371,대전피자,대전 서구 월평동 5,36.3530727,127.3824921,OPEN,301451,,2025-04-30 00:25:47,2025-04-30 00:47:47
800224,371,대전피자,대전 서구 월평동 5,36.3516182,127.3818845,CLOSED,301450,2025-08-24 17:24:00,2025-08-24 15:05:00,2025-08-24 15:23:00
800225,266,수원갈비,경기 수원시 팔달구 정조로 12,37.2855936,127.0155181,CLOSED,301030,2024-08-08 18:00:38,2024-08-08 16:24:38,2024-08-08 16:43:38
800226,266,팔달순대,경기 수원시 팔달구 향교로 5,37.2820544,127.0173682,CLOSED,301031,2026-02-27 19:13:21,2026-02-27 12:38:21,2026-02-27 14:36:21
800227,192,대전토스트,대전 서구 둔산로 20,36.3485149,127.385777,CLOSED,300733,2025-05-29 15:25:51,2025-05-29 13:02:51,2025-05-29 13:22:51
800228,192,대전토스트,대전 서구 둔산로 20,36.3507633,127.3861361,CLOSED,300732,2025-04-26 11:44:54,2025-04-26 07:42:54,2025-04-26 07:57:54
800229,562,안양돈까스,경기 안양시 만안구 삼덕로 5,37.3947854,126.9441312,CLOSED,302196,2026-06-02 07:14:46,2026-06-02 05:43:46,2026-06-02 06:43:46
800230,562,안양돈까스,경기 안양시 만안구 삼덕로 5,37.3952066,126.9440411,CLOSED,302192,2025-05-06 13:22:39,2025-05-06 12:29:39,2025-05-06 12:39:39
800231,660,안양짜장,경기 안양시 만안구 박달로 8,37.3896047,126.9517391,OPEN,302595,,2024-09-22 23:18:35,2024-09-23 00:38:35
800232,660,안양짜장,경기 안양시 만안구 박달로 8,37.3874088,126.9544206,CLOSED,302594,2024-09-26 15:36:57,2024-09-26 11:09:57,2024-09-26 12:28:57
800233,243,해운대분식,부산 해운대구 구남로 22,35.1581154,129.1598632,CLOSED,300937,2024-07-27 03:33:28,2024-07-27 01:34:28,2024-07-27 03:16:28
800234,243,해운대분식,부산 해운대구 구남로 22,35.1598943,129.1573947,OPEN,300936,,2024-07-25 01:47:51,2024-07-25 01:52:51
800235,646,광주우동,광주 서구 상무민주로 14,35.1497234,126.8504193,CLOSED,302538,2025-01-29 16:04:21,2025-01-29 13:59:21,2025-01-29 15:00:21
800236,646,광주우동,광주 서구 상무민주로 14,35.1520456,126.8502571,CLOSED,302538,2025-04-05 13:54:09,2025-04-05 11:50:09,2025-04-05 12:47:09
800237,483,대전소울푸드,대전 서구 둔산로 10,36.3512189,127.3847285,CLOSED,301884,2024-02-27 06:36:03,2024-02-27 01:40:03,2024-02-27 03:22:03
800238,483,대전소울푸드,대전 서구 둔산로 10,36.3502278,127.3854447,CLOSED,301887,2024-02-08 18:18:35,2024-02-08 14:49:35,2024-02-08 15:43:35
800239,352,수원짬뽕,경기 수원시 팔달구 창룡대로 9,37.2837551,127.0182784,CLOSED,301377,2024-10-07 06:59:49,2024-10-07 01:16:49,2024-10-07 03:10:49
800240,352,수원짬뽕,경기 수원시 팔달구 창룡대로 9,37.2845855,127.0200906,CLOSED,301374,2024-10-16 10:53:33,2024-10-16 08:43:33,2024-10-16 09:50:33
800241,375,대전라멘,대전 서구 한밭대로 30,36.3519657,127.3875697,CLOSED,301466,2024-12-09 13:20:40,2024-12-09 10:45:40,2024-12-09 12:18:40
800242,375,대전라멘,대전 서구 한밭대로 30,36.3513798,127.3879626,CLOSED,301465,2024-11-29 18:37:08,2024-11-29 15:57:08,2024-11-29 16:45:08
800243,189,강남토스트,서울 강남구 강남대로 99,37.4980593,127.0290639,OPEN,300721,,2024-07-23 05:30:19,2024-07-23 06:10:19
800244,189,강남토스트,서울 강남구 강남대로 99,37.4969033,127.0284127,CLOSED,300720,2024-07-30 10:15:03,2024-07-30 06:07:03,2024-07-30 07:03:03
800245,643,해운대돼지국밥,부산 해운대구 중동1로 5,35.1582321,129.1590028,CLOSED,302524,2024-03-23 00:40:32,2024-03-22 18:55:32,2024-03-22 20:38:32
800246,643,해운대밀면,부산 해운대구 해운대로 30,35.1640512,129.1648212,CLOSED,302524,2024-03-22 16:20:27,2024-03-22 15:12:27,2024-03-22 15:20:27
800247,435,해운대밀면,부산 해운대구 해운대로 30,35.1638168,129.1621109,OPEN,301709,,2024-01-05 15:26:59,2024-01-05 16:48:59
800248,435,해운대밀면,부산 해운대구 해운대로 30,35.1642709,129.1623077,CLOSED,301709,2024-01-07 13:31:45,2024-01-07 07:26:45,2024-01-07 09:09:45
800249,593,마포순대,서울 마포구 독막로 15,37.5462379,126.9481621,CLOSED,302312,2025-06-16 10:06:39,2025-06-16 05:47:39,2025-06-16 07:01:39
800250,593,마포갈비,서울 마포구 마포대로 40,37.5477005,126.9545115,OPEN,302315,,2025-02-25 12:49:14,2025-02-25 13:43:14
800251,430,대구라멘,대구 중구 서성로 12,35.8735388,128.5896566,CLOSED,301691,2024-06-23 07:32:00,2024-06-23 03:31:00,2024-06-23 04:47:00
800252,430,대구라멘,대구 중구 서성로 12,35.8722754,128.5909622,CLOSED,301692,2024-06-25 19:32:40,2024-06-25 17:19:40,2024-06-25 18:26:40
800253,382,광주토스트,광주 서구 금호로 3,35.1495655,126.8519788,CLOSED,301498,2024-09-30 15:53:55,2024-09-30 14:06:55,2024-09-30 15:15:55
800254,382,광주토스트,광주 서구 금호로 3,35.1481126,126.8501805,CLOSED,301498,2024-10-06 20:50:37,2024-10-06 19:23:37,2024-10-06 20:09:37
800255,374,종로삼계탕,서울 종로구 인사동길 12,37.5759654,126.984465,OPEN,301461,,2024-08-11 07:50:06,2024-08-11 09:32:06
800256,374,종로삼계탕,서울 종로구 인사동길 12,37.5726258,126.9840769,CLOSED,301462,2024-08-15 12:11:25,2024-08-15 08:05:25,2024-08-15 09:02:25
800257,411,마포버거,서울 마포구 양화로 55,37.5514579,126.9166791,CLOSED,301622,2024-09-04 12:33:04,2024-09-04 09:34:04,2024-09-04 09:47:04
800258,411,마포버거,서울 마포구 양화로 55,37.5532722,126.9196056,CLOSED,301620,2024-09-03 04:02:18,2024-09-02 22:21:18,2024-09-03 00:16:18
800259,615,광주짬뽕,광주 서구 화정로 5,35.1532814,126.8532897,CLOSED,302403,2024-09-25 06:02:26,2024-09-25 01:54:26,2024-09-25 02:39:26
800260,615,광주짬뽕,광주 서구 화정로 5,35.1530111,126.8550596,CLOSED,302404,2024-10-04 05:06:02,2024-10-03 23:54:02,2024-10-04 00:42:02
800261,462,안양분식,경기 안양시 만안구 안양천로 3,37.3949878,126.9493893,CLOSED,301806,2024-07-26 18:11:54,2024-07-26 15:18:54,2024-07-26 16:18:54
800262,462,안양분식,경기 안양시 만안구 안양천로 3,37.3962184,126.9484983,CLOSED,301806,2024-07-11 11:40:40,2024-07-11 07:22:40,2024-07-11 08:05:40
800263,185,수원짬뽕,경기 수원시 팔달구 창룡대로 9,37.2862047,127.0199011,CLOSED,300703,2025-01-21 11:42:35,2025-01-21 06:29:35,2025-01-21 06:42:35
800264,185,수원짬뽕,경기 수원시 팔달구 창룡대로 9,37.2847316,127.0201598,CLOSED,300703,2025-01-22 19:32:38,2025-01-22 15:40:38,2025-01-22 16:49:38
800265,135,대구파스타,대구 중구 국채보상로 77,35.8736862,128.5951902,CLOSED,300514,2026-01-10 15:22:15,2026-01-10 10:10:15,2026-01-10 11:20:15
800266,135,대구파스타,대구 중구 국채보상로 77,35.8720717,128.5955517,CLOSED,300517,2025-02-24 15:21:40,2025-02-24 09:43:40,2025-02-24 11:12:40
800267,637,종로백반,서울 종로구 종로 45,37.5709615,126.9803857,CLOSED,302496,2025-06-02 01:03:19,2025-06-01 22:34:19,2025-06-01 23:38:19
800268,637,종로삼계탕,서울 종로구 인사동길 12,37.5757839,126.9841677,CLOSED,302496,2026-05-29 22:26:03,2026-05-29 20:19:03,2026-05-29 20:32:03
800269,103,성동중화요리,서울 성동구 고산자로 22,37.5609539,127.0385998,CLOSED,300377,2025-01-17 08:41:10,2025-01-17 04:29:10,2025-01-17 05:04:10
800270,103,성동중화요리,서울 성동구 고산자로 22,37.5622393,127.0397445,CLOSED,300377,2025-01-03 07:10:21,2025-01-03 01:48:21,2025-01-03 02:52:21
800271,277,안양분식,경기 안양시 만안구 안양천로 3,37.3961587,126.9471111,CLOSED,301080,2024-08-01 22:22:08,2024-08-01 19:52:08,2024-08-01 20:00:08
800272,277,안양분식,경기 안양시 만안구 안양천로 3,37.3961289,126.9462213,CLOSED,301076,2024-08-01 12:04:01,2024-08-01 06:09:01,2024-08-01 07:46:01
800273,242,광주토스트,광주 서구 금호로 3,35.1515871,126.8526867,CLOSED,300932,2024-10-31 16:25:55,2024-10-31 12:34:55,2024-10-31 12:47:55
800274,242,광주토스트,광주 서구 금호로 3,35.1485622,126.8504477,OPEN,300932,,2024-10-29 18:56:54,2024-10-29 20:48:54
800275,443,성동쌈밥,서울 성동구 성수일로 12,37.5470928,127.0552536,CLOSED,301737,2024-04-19 10:55:50,2024-04-19 09:08:50,2024-04-19 09:43:50
800276,443,성동쌈밥,서울 성동구 성수일로 12,37.544872,127.0544273,OPEN,301735,,2024-04-26 10:53:16,2024-04-26 11:52:16
800277,391,안양짜장,경기 안양시 만안구 박달로 8,37.3879614,126.9524988,CLOSED,301536,2024-12-22 10:50:16,2024-12-22 08:17:16,2024-12-22 10:12:16
800278,391,안양짜장,경기 안양시 만안구 박달로 8,37.3898533,126.9545177,CLOSED,301537,2025-01-02 05:02:42,2025-01-02 01:14:42,2025-01-02 02:46:42
800279,201,강남스시바,서울 강남구 선릉로 88,37.5020843,127.0508672,CLOSED,300766,2025-05-03 15:43:42,2025-05-03 11:06:42,2025-05-03 12:56:42
800280,201,강남스시바,서울 강남구 선릉로 88,37.5030119,127.0485388,CLOSED,300768,2025-05-08 17:27:19,2025-05-08 13:45:19,2025-05-08 15:15:19
800281,150,마포버거,서울 마포구 양화로 55,37.5525539,126.9196392,CLOSED,300575,2024-02-21 17:14:17,2024-02-21 11:24:17,2024-02-21 13:18:17
800282,150,마포버거,서울 마포구 양화로 55,37.5544377,126.9166409,CLOSED,300575,2024-02-21 12:59:52,2024-02-21 10:19:52,2024-02-21 11:02:52
800283,154,대구파스타,대구 중구 국채보상로 77,35.8741573,128.5940961,OPEN,300590,,2025-03-27 15:24:26,2025-03-27 16:21:26
800284,154,대구파스타,대구 중구 국채보상로 77,35.8738695,128.596507,CLOSED,300590,2025-03-22 05:26:02,2025-03-22 00:34:02,2025-03-22 02:26:02
800285,485,마포짬뽕,서울 마포구 신촌로 10,37.5556835,126.9379169,CLOSED,301893,2024-02-09 17:18:20,2024-02-09 13:55:20,2024-02-09 14:08:20
800286,485,마포짬뽕,서울 마포구 신촌로 10,37.5565655,126.935735,CLOSED,301892,2024-01-17 10:09:57,2024-01-17 07:51:57,2024-01-17 09:33:57
800287,661,광주돈까스,광주 서구 풍암동 22,35.1472549,126.8463289,CLOSED,302598,2025-08-12 13:51:27,2025-08-12 09:40:27,2025-08-12 11:05:27
800288,661,광주돈까스,광주 서구 풍암동 22,35.1491706,126.8472776,CLOSED,302600,2025-06-19 06:39:30,2025-06-19 01:06:30,2025-06-19 02:59:30
800289,181,해운대짜장,부산 해운대구 좌동로 8,35.1711981,129.1797947,CLOSED,300688,2026-04-04 19:29:06,2026-04-04 14:42:06,2026-04-04 16:32:06
800290,181,해운대짜장,부산 해운대구 좌동로 8,35.1680829,129.1790919,CLOSED,300687,2025-10-19 05:40:18,2025-10-19 01:45:18,2025-10-19 03:36:18
800291,432,강남브런치,서울 강남구 논현로 56,37.512005,127.027975,OPEN,301700,,2024-08-22 14:59:48,2024-08-22 15:37:48
800292,432,강남브런치,서울 강남구 논현로 56,37.5098805,127.029569,CLOSED,301699,2024-08-20 09:27:24,2024-08-20 05:53:24,2024-08-20 06:09:24
800293,512,수원짬뽕,경기 수원시 팔달구 창룡대로 9,37.283474,127.0208543,CLOSED,302002,2026-02-26 01:40:18,2026-02-25 19:27:18,2026-02-25 21:17:18
800294,512,수원짬뽕,경기 수원시 팔달구 창룡대로 9,37.2847252,127.0188264,CLOSED,302002,2026-04-29 18:04:27,2026-04-29 15:55:27,2026-04-29 16:48:27
800295,138,종로탕수육,서울 종로구 돈화문로 7,37.5696341,126.9815838,CLOSED,300526,2025-09-17 04:39:07,2025-09-17 01:59:07,2025-09-17 02:57:07
800296,138,종로탕수육,서울 종로구 돈화문로 7,37.5703316,126.9835889,CLOSED,300524,2026-04-08 10:43:53,2026-04-08 06:48:53,2026-04-08 07:24:53
800297,530,종로라멘,서울 종로구 삼일대로 33,37.5717474,126.9828533,CLOSED,302081,2025-04-04 21:42:31,2025-04-04 16:36:31,2025-04-04 18:09:31
800298,530,종로라멘,서울 종로구 삼일대로 33,37.5727243,126.9818837,CLOSED,302080,2025-03-22 23:38:05,2025-03-22 20:27:05,2025-03-22 20:38:05
800299,547,안양짜장,경기 안양시 만안구 박달로 8,37.38721,126.9525788,CLOSED,302137,2024-07-22 04:29:05,2024-07-21 23:40:05,2024-07-22 01:04:05
800300,547,안양짜장,경기 안양시 만안구 박달로 8,37.3883219,126.9520412,OPEN,302139,,2024-07-27 07:52:12,2024-07-27 08:02:12
800301,596,성동중화요리,서울 성동구 고산자로 22,37.5603586,127.040841,OPEN,302330,,2025-08-13 13:44:03,2025-08-13 14:05:03
800302,596,성동중화요리,서울 성동구 고산자로 22,37.5619968,127.0418935,CLOSED,302329,2025-04-15 09:11:07,2025-04-15 07:46:07,2025-04-15 07:56:07
800303,499,강남브런치,서울 강남구 논현로 56,37.5127077,127.0297517,OPEN,301949,,2025-06-03 18:06:49,2025-06-03 20:06:49
800304,499,강남브런치,서울 강남구 논현로 56,37.5122547,127.0279051,CLOSED,301950,2025-03-04 08:37:16,2025-03-04 03:31:16,2025-03-04 04:16:16
800305,308,성수샌드,서울 성동구 서울숲2길 4,37.5432326,127.044381,CLOSED,301196,2024-04-25 23:56:40,2024-04-25 21:38:40,2024-04-25 21:49:40
800306,308,성수샌드,서울 성동구 서울숲2길 4,37.5442661,127.0464553,CLOSED,301197,2024-04-30 12:00:09,2024-04-30 10:22:09,2024-04-30 11:30:09
800307,685,대전토스트,대전 서구 둔산로 20,36.3483743,127.3864727,CLOSED,302703,2024-01-07 17:42:51,2024-01-07 14:14:51,2024-01-07 14:34:51
800308,685,대전토스트,대전 서구 둔산로 20,36.3503342,127.3868865,CLOSED,302703,2024-01-10 18:09:45,2024-01-10 14:54:45,2024-01-10 16:11:45
800309,49,대전라멘,대전 서구 한밭대로 30,36.3509924,127.3843772,OPEN,300178,,2024-05-07 21:35:18,2024-05-07 23:18:18
800310,49,대전라멘,대전 서구 한밭대로 30,36.3513614,127.3878049,CLOSED,300178,2024-04-26 00:31:34,2024-04-25 20:15:34,2024-04-25 21:10:34
800311,614,종로분식,서울 종로구 창경궁로 5,37.5728162,126.9828208,CLOSED,302402,2024-11-16 14:18:37,2024-11-16 08:12:37,2024-11-16 10:03:37
800312,614,종로분식,서울 종로구 창경궁로 5,37.5722997,126.9819262,CLOSED,302402,2024-10-27 08:34:07,2024-10-27 03:05:07,2024-10-27 04:33:07
800313,102,수원토스트,경기 수원시 팔달구 매산로 11,37.2862927,127.0122221,CLOSED,300375,2024-10-12 08:42:34,2024-10-12 04:21:34,2024-10-12 06:08:34
800314,102,수원토스트,경기 수원시 팔달구 매산로 11,37.2888602,127.0154621,CLOSED,300375,2024-10-17 07:17:37,2024-10-17 04:38:37,2024-10-17 05:05:37
800315,168,해운대초밥,부산 해운대구 해운대해변로 100,35.159818,129.1595397,OPEN,300641,,2025-03-02 13:26:04,2025-03-02 14:20:04
800316,168,해운대초밥,부산 해운대구 해운대해변로 100,35.1596436,129.1620868,CLOSED,300641,2025-11-12 11:38:56,2025-11-12 06:00:56,2025-11-12 07:47:56
800317,62,대전소울푸드,대전 서구 둔산로 10,36.3504506,127.3844585,CLOSED,300226,2024-11-10 13:06:21,2024-11-10 07:57:21,2024-11-10 09:48:21
800318,62,대전갈비탕,대전 서구 계백로 22,36.349244,127.3824555,CLOSED,300226,2024-12-12 05:51:33,2024-12-12 01:49:33,2024-12-12 02:05:33
800319,221,수원토스트,경기 수원시 팔달구 매산로 11,37.2877058,127.0145904,CLOSED,300855,2024-12-25 15:57:35,2024-12-25 11:02:35,2024-12-25 11:50:35
800320,221,수원토스트,경기 수원시 팔달구 매산로 11,37.2875889,127.0123359,OPEN,300853,,2024-12-25 19:09:43,2024-12-25 20:34:43
800321,261,성동쌈밥,서울 성동구 성수일로 12,37.5479367,127.0567373,CLOSED,301009,2025-02-03 06:36:27,2025-02-03 04:27:27,2025-02-03 05:10:27
800322,261,성동곰탕,서울 성동구 왕십리로 30,37.563904,127.0384692,CLOSED,301011,2025-01-25 10:06:39,2025-01-25 08:15:39,2025-01-25 09:32:39
800323,651,안양돈까스,경기 안양시 만안구 삼덕로 5,37.3966434,126.9462739,CLOSED,302551,2024-06-21 05:00:04,2024-06-21 00:36:04,2024-06-21 00:53:04
800324,651,안양돈까스,경기 안양시 만안구 삼덕로 5,37.3940651,126.9469621,CLOSED,302552,2024-06-13 05:48:03,2024-06-12 23:38:03,2024-06-13 01:21:03
800325,99,대구탕수육,대구 중구 달구벌대로 33,35.8683332,128.595507,CLOSED,300366,2026-03-30 18:26:40,2026-03-30 16:58:40,2026-03-30 17:53:40
800326,99,대구탕수육,대구 중구 달구벌대로 33,35.8704952,128.5930603,CLOSED,300365,2025-06-02 15:27:48,2025-06-02 09:46:48,2025-06-02 11:27:48
800327,461,강남브런치,서울 강남구 논현로 56,37.5109352,127.0273717,CLOSED,301805,2024-06-01 07:15:14,2024-06-01 04:15:14,2024-06-01 06:11:14
800328,461,강남브런치,서울 강남구 논현로 56,37.5126751,127.0311632,CLOSED,301805,2024-06-22 12:26:11,2024-06-22 07:46:11,2024-06-22 08:49:11
800329,343,광주짬뽕,광주 서구 화정로 5,35.1542186,126.8523505,CLOSED,301334,2024-03-25 23:13:23,2024-03-25 18:08:23,2024-03-25 19:41:23
800330,343,광주짬뽕,광주 서구 화정로 5,35.154436,126.8528369,CLOSED,301338,2024-03-17 12:35:13,2024-03-17 09:15:13,2024-03-17 10:49:13
800331,267,대구라멘,대구 중구 서성로 12,35.8707637,128.5902037,CLOSED,301035,2024-10-31 10:20:49,2024-10-31 03:43:49,2024-10-31 05:35:49
800332,267,대구라멘,대구 중구 서성로 12,35.8736097,128.5919551,CLOSED,301035,2024-10-11 03:19:06,2024-10-11 01:25:06,2024-10-11 01:44:06
800333,370,대구막창,대구 중구 동성로 5,35.8684054,128.5962777,CLOSED,301447,2025-11-30 07:08:26,2025-11-30 03:35:26,2025-11-30 04:54:26
800334,370,대구따로국밥,대구 중구 중앙대로 30,35.8733179,128.5973945,CLOSED,301449,2025-03-05 23:03:12,2025-03-05 17:47:12,2025-03-05 19:12:12
800335,369,대전토스트,대전 서구 둔산로 20,36.3503642,127.385446,CLOSED,301443,2025-04-24 22:28:50,2025-04-24 16:49:50,2025-04-24 17:56:50
800336,369,대전토스트,대전 서구 둔산로 20,36.349688,127.3842634,CLOSED,301438,2025-04-16 12:52:46,2025-04-16 11:21:46,2025-04-16 12:33:46
800337,688,성수샌드,서울 성동구 서울숲2길 4,37.5443934,127.0444792,OPEN,302717,,2024-04-21 06:00:01,2024-04-21 07:58:01
800338,688,성수샌드,서울 성동구 서울숲2길 4,37.5454048,127.044377,CLOSED,302718,2024-04-02 03:16:30,2024-04-02 00:14:30,2024-04-02 00:39:30
800339,688,성수샌드,서울 성동구 서울숲2길 4,37.5461869,127.0459138,CLOSED,302718,2024-04-29 17:15:19,2024-04-29 12:40:19,2024-04-29 14:12:19
800340,353,수원짬뽕,경기 수원시 팔달구 창룡대로 9,37.2863323,127.0206924,OPEN,301380,,2025-12-15 05:02:49,2025-12-15 06:00:49
800341,353,수원짬뽕,경기 수원시 팔달구 창룡대로 9,37.2841298,127.020997,CLOSED,301381,2025-06-20 23:42:44,2025-06-20 20:22:44,2025-06-20 21:46:44
800342,21,광주돈까스,광주 서구 풍암동 22,35.1464036,126.8476639,CLOSED,300074,2024-11-08 15:37:21,2024-11-08 09:54:21,2024-11-08 11:16:21
800343,21,광주돈까스,광주 서구 풍암동 22,35.1474351,126.8470432,CLOSED,300076,2025-09-15 12:34:23,2025-09-15 12:04:23,2025-09-15 12:15:23
800344,422,수원피자,경기 수원시 팔달구 팔달문로 3,37.2813509,127.0144559,CLOSED,301663,2025-02-17 06:08:51,2025-02-17 05:17:51,2025-02-17 05:26:51
800345,422,수원피자,경기 수원시 팔달구 팔달문로 3,37.2831395,127.0170775,CLOSED,301664,2025-02-16 23:01:41,2025-02-16 19:19:41,2025-02-16 19:57:41
800346,125,대전소울푸드,대전 서구 둔산로 10,36.3486017,127.3862851,OPEN,300474,,2024-10-05 18:41:45,2024-10-05 20:16:45
800347,125,대전소울푸드,대전 서구 둔산로 10,36.3506499,127.3845292,OPEN,300472,,2024-10-02 05:54:56,2024-10-02 07:44:56
800348,360,강남짜장면,서울 강남구 도산대로 22,37.5226134,127.0361327,OPEN,301409,,2025-09-23 18:51:29,2025-09-23 19:16:29
800349,360,강남짜장면,서울 강남구 도산대로 22,37.5210384,127.0338511,CLOSED,301407,2024-08-12 09:37:27,2024-08-12 05:57:27,2024-08-12 06:21:27
800350,204,종로삼계탕,서울 종로구 인사동길 12,37.5757393,126.9849947,OPEN,300779,,2024-01-10 01:55:07,2024-01-10 02:31:07
800351,204,종로백반,서울 종로구 종로 45,37.5714426,126.98006,CLOSED,300778,2024-01-14 17:46:47,2024-01-14 12:28:47,2024-01-14 14:04:47
800352,676,대구파스타,대구 중구 국채보상로 77,35.8726536,128.5946372,CLOSED,302668,2025-03-02 21:47:37,2025-03-02 16:11:37,2025-03-02 17:58:37
800353,676,대구파스타,대구 중구 국채보상로 77,35.8740806,128.5958705,OPEN,302669,,2025-03-06 08:54:37,2025-03-06 09:17:37
800354,292,강남브런치,서울 강남구 논현로 56,37.5109363,127.0288731,CLOSED,301135,2025-01-15 09:16:26,2025-01-15 06:46:26,2025-01-15 07:42:26
800355,292,강남브런치,서울 강남구 논현로 56,37.5131202,127.0304963,OPEN,301139,,2025-01-02 19:21:11,2025-01-02 20:46:11
800356,364,마포순대,서울 마포구 독막로 15,37.5458862,126.9472548,CLOSED,301421,2024-10-08 15:11:05,2024-10-08 10:30:05,2024-10-08 12:26:05
800357,364,마포갈비,서울 마포구 마포대로 40,37.5495818,126.9539012,OPEN,301422,,2024-10-07 19:27:39,2024-10-07 20:50:39
800358,333,해운대분식,부산 해운대구 구남로 22,35.157381,129.1602473,OPEN,301297,,2024-03-30 11:08:05,2024-03-30 12:42:05
800359,333,해운대분식,부산 해운대구 구남로 22,35.1581497,129.15856,OPEN,301296,,2024-03-13 02:11:39,2024-03-13 02:20:39
800360,500,종로삼계탕,서울 종로구 인사동길 12,37.5744853,126.9861282,CLOSED,301952,2026-01-27 14:19:00,2026-01-27 10:15:00,2026-01-27 11:30:00
800361,500,종로백반,서울 종로구 종로 45,37.5709654,126.9804966,CLOSED,301954,2026-02-18 12:46:26,2026-02-18 09:04:26,2026-02-18 10:24:26
800362,458,대전라멘,대전 서구 한밭대로 30,36.3504179,127.3841909,CLOSED,301796,2024-03-25 17:45:16,2024-03-25 12:38:16,2024-03-25 13:16:16
800363,458,대전라멘,대전 서구 한밭대로 30,36.3508126,127.3879318,CLOSED,301796,2024-03-28 00:35:01,2024-03-27 22:44:01,2024-03-28 00:23:01
800364,629,수원돈부리,경기 수원시 팔달구 수원로 20,37.2868574,127.0130787,CLOSED,302458,2025-12-08 02:58:33,2025-12-08 00:07:33,2025-12-08 01:37:33
800365,629,수원돈부리,경기 수원시 팔달구 수원로 20,37.2858172,127.0115862,CLOSED,302460,2025-09-27 18:33:24,2025-09-27 13:29:24,2025-09-27 15:19:24
800366,586,해운대초밥,부산 해운대구 해운대해변로 100,35.158605,129.1601847,CLOSED,302285,2025-02-05 09:37:26,2025-02-05 07:22:26,2025-02-05 08:21:26
800367,586,해운대초밥,부산 해운대구 해운대해변로 100,35.1601881,129.1607372,CLOSED,302286,2026-01-26 07:06:09,2026-01-26 01:50:09,2026-01-26 03:34:09
800368,294,수원짬뽕,경기 수원시 팔달구 창룡대로 9,37.2862952,127.0185774,CLOSED,301148,2025-11-26 11:03:24,2025-11-26 05:42:24,2025-11-26 07:20:24
800369,294,수원짬뽕,경기 수원시 팔달구 창룡대로 9,37.2864531,127.0184722,CLOSED,301148,2025-02-19 18:01:52,2025-02-19 11:54:52,2025-02-19 13:29:52
800370,475,해운대분식,부산 해운대구 구남로 22,35.1574773,129.1608073,CLOSED,301858,2026-02-02 01:02:59,2026-02-01 19:41:59,2026-02-01 20:06:59
800371,475,해운대분식,부산 해운대구 구남로 22,35.1561611,129.1576132,CLOSED,301857,2025-04-15 05:30:54,2025-04-15 01:34:54,2025-04-15 02:52:54
800372,149,안양우동,경기 안양시 만안구 냉천로 22,37.3919437,126.9521648,OPEN,300567,,2024-03-29 17:19:24,2024-03-29 18:01:24
800373,149,안양우동,경기 안양시 만안구 냉천로 22,37.3908623,126.9522765,CLOSED,300569,2024-03-30 00:05:30,2024-03-29 19:32:30,2024-03-29 21:30:30
800374,149,안양우동,경기 안양시 만안구 냉천로 22,37.3916703,126.9512922,CLOSED,300570,2024-03-31 22:57:19,2024-03-31 22:12:19,2024-03-31 22:25:19
800375,172,대구파스타,대구 중구 국채보상로 77,35.8743378,128.5963347,OPEN,300650,,2024-11-26 06:56:56,2024-11-26 08:01:56
800376,172,대구파스타,대구 중구 국채보상로 77,35.8736689,128.5935959,CLOSED,300651,2024-11-27 00:49:43,2024-11-26 19:07:43,2024-11-26 20:49:43
800377,172,대구파스타,대구 중구 국채보상로 77,35.8719313,128.5945816,CLOSED,300650,2024-11-27 23:14:00,2024-11-27 18:49:00,2024-11-27 19:46:00
800378,346,광주짬뽕,광주 서구 화정로 5,35.1538288,126.854288,CLOSED,301349,2024-05-19 18:06:25,2024-05-19 16:16:25,2024-05-19 16:32:25
800379,346,광주짬뽕,광주 서구 화정로 5,35.1533074,126.8522115,CLOSED,301348,2024-05-06 06:52:16,2024-05-06 01:36:16,2024-05-06 02:05:16
800380,626,강남짜장면,서울 강남구 도산대로 22,37.520419,127.0333759,CLOSED,302447,2024-03-07 04:52:49,2024-03-06 23:50:49,2024-03-07 00:10:49
800381,626,강남짜장면,서울 강남구 도산대로 22,37.5229277,127.0357274,OPEN,302449,,2025-12-28 02:04:30,2025-12-28 02:19:30
800382,550,안양우동,경기 안양시 만안구 냉천로 22,37.390722,126.9490962,CLOSED,302150,2024-03-17 18:14:06,2024-03-17 13:33:06,2024-03-17 14:21:06
800383,550,안양우동,경기 안양시 만안구 냉천로 22,37.3906726,126.9495761,CLOSED,302150,2024-03-19 23:51:07,2024-03-19 18:47:07,2024-03-19 19:04:07
800384,314,안양추어탕,경기 안양시 만안구 안양로 15,37.3925357,126.9515445,CLOSED,301213,2024-06-06 01:44:40,2024-06-05 22:37:40,2024-06-06 00:08:40
800385,314,안양추어탕,경기 안양시 만안구 안양로 15,37.3935802,126.9493513,CLOSED,301214,2024-06-04 16:42:21,2024-06-04 14:48:21,2024-06-04 15:42:21
800386,293,대구분식,대구 중구 교동 10,35.8672075,128.5969585,CLOSED,301145,2025-04-22 05:22:39,2025-04-22 02:11:39,2025-04-22 04:11:39
800387,293,대구분식,대구 중구 교동 10,35.8707974,128.5970772,CLOSED,301143,2025-04-20 10:53:56,2025-04-20 06:17:56,2025-04-20 07:26:56
800388,636,해운대스테이크,부산 해운대구 달맞이길 55,35.16463,129.169935,CLOSED,302490,2024-11-21 21:43:46,2024-11-21 20:13:46,2024-11-21 21:19:46
800389,636,해운대스테이크,부산 해운대구 달맞이길 55,35.1639853,129.1712188,CLOSED,302491,2025-12-31 09:35:03,2025-12-31 07:03:03,2025-12-31 08:34:03
800390,682,광주우동,광주 서구 상무민주로 14,35.1498138,126.8528716,CLOSED,302694,2025-01-03 00:29:12,2025-01-02 19:48:12,2025-01-02 20:03:12
800391,682,광주우동,광주 서구 상무민주로 14,35.150807,126.849004,CLOSED,302695,2025-01-05 07:01:13,2025-01-05 01:08:13,2025-01-05 02:07:13
800392,465,성수샌드,서울 성동구 서울숲2길 4,37.546234,127.0444287,CLOSED,301816,2025-01-21 03:45:49,2025-01-21 03:00:49,2025-01-21 03:05:49
800393,465,성수샌드,서울 성동구 서울숲2길 4,37.5448406,127.0445413,OPEN,301814,,2025-02-12 16:34:28,2025-02-12 17:06:28
800394,37,마포갈비,서울 마포구 마포대로 40,37.5462589,126.9538937,CLOSED,300128,2025-07-26 11:32:05,2025-07-26 08:36:05,2025-07-26 08:49:05
800395,37,마포순대,서울 마포구 독막로 15,37.5450193,126.9492082,OPEN,300129,,2024-10-25 18:31:55,2024-10-25 19:54:55
800396,41,종로파스타,서울 종로구 율곡로 20,37.5749837,126.9919321,OPEN,300145,,2024-09-06 22:54:34,2024-09-06 23:33:34
800397,41,종로파스타,서울 종로구 율곡로 20,37.5776561,126.9885349,CLOSED,300143,2024-09-21 06:03:05,2024-09-21 04:58:05,2024-09-21 05:45:05
800398,83,강남짜장면,서울 강남구 도산대로 22,37.5213527,127.0368811,CLOSED,300311,2025-04-28 01:28:11,2025-04-27 22:19:11,2025-04-27 23:50:11
800399,83,강남짜장면,서울 강남구 도산대로 22,37.5232703,127.0365642,CLOSED,300311,2025-05-04 14:16:31,2025-05-04 12:38:31,2025-05-04 13:51:31
800400,176,강남국밥,서울 강남구 테헤란로 12,37.497447,127.0289566,CLOSED,300668,2026-03-25 11:26:26,2026-03-25 07:20:26,2026-03-25 08:13:26
800401,176,강남국밥,서울 강남구 테헤란로 12,37.4959375,127.0285726,CLOSED,300667,2025-04-15 22:41:34,2025-04-15 18:15:34,2025-04-15 18:44:34
800402,117,성수초밥,서울 성동구 성수이로 7,37.5452337,127.0568846,CLOSED,300435,2024-12-19 01:31:22,2024-12-18 21:21:22,2024-12-18 22:46:22
800403,117,성수초밥,서울 성동구 성수이로 7,37.5420285,127.0599371,CLOSED,300436,2024-12-16 03:02:55,2024-12-15 23:05:55,2024-12-16 01:05:55
800404,161,광주돈까스,광주 서구 풍암동 22,35.147976,126.8482071,CLOSED,300619,2025-11-13 15:50:59,2025-11-13 10:07:59,2025-11-13 11:24:59
800405,161,광주돈까스,광주 서구 풍암동 22,35.1465097,126.8497343,CLOSED,300616,2025-07-20 17:04:09,2025-07-20 14:41:09,2025-07-20 16:21:09
800406,163,해운대돼지국밥,부산 해운대구 중동1로 5,35.1602578,129.1607227,CLOSED,300626,2024-01-16 10:17:32,2024-01-16 05:28:32,2024-01-16 05:35:32
800407,163,해운대밀면,부산 해운대구 해운대로 30,35.1648723,129.1617075,OPEN,300625,,2024-01-15 18:41:41,2024-01-15 20:12:41
800408,335,강남짜장면,서울 강남구 도산대로 22,37.5201869,127.0353732,OPEN,301301,,2024-10-08 21:01:20,2024-10-08 21:41:20
800409,335,강남짜장면,서울 강남구 도산대로 22,37.5198879,127.0369736,CLOSED,301302,2024-09-30 05:21:12,2024-09-30 01:19:12,2024-09-30 03:17:12
800410,560,성동중화요리,서울 성동구 고산자로 22,37.5603272,127.0402873,CLOSED,302184,2024-04-02 04:02:55,2024-04-02 00:32:55,2024-04-02 01:01:55
800411,560,성동중화요리,서울 성동구 고산자로 22,37.563668,127.0387875,OPEN,302185,,2024-04-03 13:47:10,2024-04-03 14:01:10
800412,523,해운대분식,부산 해운대구 구남로 22,35.1577278,129.1570961,CLOSED,302057,2024-09-04 21:04:38,2024-09-04 16:41:38,2024-09-04 16:49:38
800413,523,해운대분식,부산 해운대구 구남로 22,35.1593301,129.1602865,CLOSED,302056,2024-09-23 03:24:23,2024-09-22 23:45:23,2024-09-23 00:20:23
800414,137,해운대분식,부산 해운대구 구남로 22,35.1585014,129.1593157,CLOSED,300521,2026-01-11 07:32:27,2026-01-11 05:33:27,2026-01-11 06:34:27
800415,137,해운대분식,부산 해운대구 구남로 22,35.1595603,129.1597735,OPEN,300521,,2025-07-07 03:09:18,2025-07-07 03:54:18
800416,310,광주짬뽕,광주 서구 화정로 5,35.1522059,126.8545047,OPEN,301200,,2025-11-08 05:57:22,2025-11-08 06:09:22
800417,310,광주짬뽕,광주 서구 화정로 5,35.1543997,126.8536067,CLOSED,301204,2026-02-07 12:10:32,2026-02-07 09:19:32,2026-02-07 09:30:32
800418,331,강남짜장면,서울 강남구 도산대로 22,37.5215568,127.0350124,CLOSED,301290,2024-01-17 10:39:43,2024-01-17 06:10:43,2024-01-17 07:13:43
800419,331,강남짜장면,서울 강남구 도산대로 22,37.5210128,127.0340699,CLOSED,301288,2024-01-17 20:44:47,2024-01-17 15:07:47,2024-01-17 16:10:47
800420,203,마포김밥,서울 마포구 홍익로 3,37.5586175,126.9225039,CLOSED,300775,2024-09-16 09:50:42,2024-09-16 06:41:42,2024-09-16 08:01:42
800421,203,마포김밥,서울 마포구 홍익로 3,37.5557437,126.9225507,CLOSED,300773,2024-10-18 09:35:49,2024-10-18 04:14:49,2024-10-18 05:38:49
800422,139,강남스시바,서울 강남구 선릉로 88,37.505839,127.0500175,CLOSED,300530,2025-04-16 14:33:04,2025-04-16 09:01:04,2025-04-16 10:01:04
800423,139,강남스시바,서울 강남구 선릉로 88,37.5031643,127.0508811,CLOSED,300532,2025-04-03 04:04:54,2025-04-02 23:37:54,2025-04-03 00:59:54
800424,455,광주돈까스,광주 서구 풍암동 22,35.1494348,126.8476882,CLOSED,301781,2026-05-02 01:06:05,2026-05-01 18:21:05,2026-05-01 20:10:05
800425,455,광주돈까스,광주 서구 풍암동 22,35.1473662,126.8486714,CLOSED,301783,2025-01-11 18:03:45,2025-01-11 15:33:45,2025-01-11 17:18:45
800426,613,수원피자,경기 수원시 팔달구 팔달문로 3,37.2824644,127.0156748,OPEN,302395,,2024-10-11 11:33:02,2024-10-11 12:20:02
800427,613,수원피자,경기 수원시 팔달구 팔달문로 3,37.2808776,127.0140148,CLOSED,302395,2024-10-22 12:01:28,2024-10-22 07:28:28,2024-10-22 07:38:28
800428,400,광주우동,광주 서구 상무민주로 14,35.1519383,126.8528104,CLOSED,301582,2024-02-29 13:10:27,2024-02-29 08:19:27,2024-02-29 08:54:27
800429,400,광주우동,광주 서구 상무민주로 14,35.1504513,126.8492949,CLOSED,301580,2024-02-28 00:42:37,2024-02-27 22:39:37,2024-02-28 00:29:37
800430,442,해운대짜장,부산 해운대구 좌동로 8,35.1681756,129.1791187,CLOSED,301733,2025-02-19 20:16:22,2025-02-19 16:33:22,2025-02-19 17:02:22
800431,442,해운대짜장,부산 해운대구 좌동로 8,35.1693593,129.181218,CLOSED,301733,2025-02-15 11:53:31,2025-02-15 08:37:31,2025-02-15 10:14:31
800432,481,종로백반,서울 종로구 종로 45,37.5733258,126.977949,CLOSED,301881,2025-09-20 08:42:35,2025-09-20 08:05:35,2025-09-20 08:22:35
800433,481,종로백반,서울 종로구 종로 45,37.5709606,126.980638,CLOSED,301881,2025-08-11 11:53:31,2025-08-11 07:06:31,2025-08-11 07:50:31
800434,186,안양돈까스,경기 안양시 만안구 삼덕로 5,37.3957349,126.9468438,OPEN,300706,,2024-02-11 13:31:16,2024-02-11 15:28:16
800435,186,안양돈까스,경기 안양시 만안구 삼덕로 5,37.3947586,126.9461302,OPEN,300707,,2024-02-05 14:05:48,2024-02-05 15:51:48
800436,383,마포라멘,서울 마포구 월드컵북로 20,37.5644177,126.9241767,CLOSED,301501,2024-09-15 00:23:37,2024-09-14 22:27:37,2024-09-14 22:37:37
800437,383,마포라멘,서울 마포구 월드컵북로 20,37.564406,126.9268735,CLOSED,301503,2024-09-15 22:19:16,2024-09-15 19:09:16,2024-09-15 21:05:16
800438,301,광주우동,광주 서구 상무민주로 14,35.1496697,126.8505525,CLOSED,301170,2026-04-24 13:01:11,2026-04-24 11:13:11,2026-04-24 12:18:11
800439,301,광주우동,광주 서구 상무민주로 14,35.1511019,126.8509332,CLOSED,301171,2025-01-09 04:53:27,2025-01-09 00:46:27,2025-01-09 01:32:27
800440,535,안양우동,경기 안양시 만안구 냉천로 22,37.3908288,126.9525795,CLOSED,302097,2025-01-27 13:02:09,2025-01-27 11:08:09,2025-01-27 12:34:09
800441,535,안양우동,경기 안양시 만안구 냉천로 22,37.3922855,126.952742,CLOSED,302097,2025-01-23 00:52:52,2025-01-22 20:30:52,2025-01-22 21:29:52
800442,231,성수샌드,서울 성동구 서울숲2길 4,37.5436802,127.0445753,CLOSED,300894,2024-12-06 10:39:54,2024-12-06 08:05:54,2024-12-06 09:46:54
800443,231,성수샌드,서울 성동구 서울숲2길 4,37.5443046,127.04423,CLOSED,300895,2025-12-19 15:13:28,2025-12-19 10:37:28,2025-12-19 11:25:28
800444,638,종로삼계탕,서울 종로구 인사동길 12,37.5741668,126.9841625,CLOSED,302497,2025-11-16 01:38:17,2025-11-15 23:49:17,2025-11-15 23:57:17
800445,638,종로삼계탕,서울 종로구 인사동길 12,37.5744071,126.9852866,OPEN,302497,,2025-07-02 12:25:12,2025-07-02 14:17:12
800446,86,광주짬뽕,광주 서구 화정로 5,35.1512854,126.8521531,OPEN,300321,,2024-10-30 14:19:54,2024-10-30 14:39:54
800447,86,광주짬뽕,광주 서구 화정로 5,35.1539808,126.8550739,CLOSED,300322,2024-11-01 03:17:57,2024-10-31 23:56:57,2024-11-01 00:33:57
800448,95,종로분식,서울 종로구 창경궁로 5,37.5746495,126.9790341,CLOSED,300348,2025-05-29 08:41:31,2025-05-29 01:59:31,2025-05-29 03:53:31
800449,95,종로분식,서울 종로구 창경궁로 5,37.5742874,126.9820312,OPEN,300347,,2025-12-21 15:35:06,2025-12-21 16:31:06
800450,438,종로라멘,서울 종로구 삼일대로 33,37.5699103,126.9828933,CLOSED,301716,2024-03-25 17:19:00,2024-03-25 11:51:00,2024-03-25 13:46:00
800451,438,종로라멘,서울 종로구 삼일대로 33,37.57189,126.9818456,CLOSED,301716,2024-05-03 21:31:12,2024-05-03 15:41:12,2024-05-03 17:22:12
800452,12,안양우동,경기 안양시 만안구 냉천로 22,37.3937677,126.9506708,OPEN,300041,,2026-02-03 01:16:49,2026-02-03 02:59:49
800453,12,안양우동,경기 안양시 만안구 냉천로 22,37.3905558,126.952495,OPEN,300041,,2025-03-30 09:10:50,2025-03-30 10:02:50
800454,65,수원갈비,경기 수원시 팔달구 정조로 12,37.2835766,127.0163431,CLOSED,300233,2024-12-19 13:18:24,2024-12-19 10:25:24,2024-12-19 11:13:24
800455,65,팔달순대,경기 수원시 팔달구 향교로 5,37.2826886,127.0166148,CLOSED,300233,2024-11-17 07:52:09,2024-11-17 06:09:09,2024-11-17 07:26:09
800456,373,성수샌드,서울 성동구 서울숲2길 4,37.5427548,127.0440457,OPEN,301459,,2024-12-20 14:38:59,2024-12-20 15:33:59
800457,373,성수샌드,서울 성동구 서울숲2길 4,37.542873,127.0429173,CLOSED,301460,2025-06-30 21:24:42,2025-06-30 17:13:42,2025-06-30 18:39:42
800458,121,성동곰탕,서울 성동구 왕십리로 30,37.5618074,127.035596,CLOSED,300455,2024-12-13 23:05:09,2024-12-13 17:23:09,2024-12-13 18:45:09
800459,121,성동쌈밥,서울 성동구 성수일로 12,37.5442799,127.0542298,CLOSED,300456,2024-12-04 07:41:52,2024-12-04 01:34:52,2024-12-04 03:03:52
800460,339,대구분식,대구 중구 교동 10,35.8709584,128.5965166,CLOSED,301317,2026-01-19 08:26:01,2026-01-19 06:01:01,2026-01-19 06:56:01
800461,339,대구분식,대구 중구 교동 10,35.8675197,128.5968227,CLOSED,301317,2025-12-16 10:37:22,2025-12-16 06:42:22,2025-12-16 08:42:22
800462,129,수원짬뽕,경기 수원시 팔달구 창룡대로 9,37.2850099,127.0207393,CLOSED,300490,2026-02-24 19:05:49,2026-02-24 16:28:49,2026-02-24 17:12:49
800463,129,수원짬뽕,경기 수원시 팔달구 창룡대로 9,37.2862983,127.0204194,CLOSED,300489,2025-03-25 21:42:17,2025-03-25 19:58:17,2025-03-25 21:00:17
800464,623,마포김밥,서울 마포구 홍익로 3,37.5568508,126.9221563,OPEN,302434,,2024-03-25 20:00:29,2024-03-25 21:03:29
800465,623,마포김밥,서울 마포구 홍익로 3,37.5565644,126.9252937,CLOSED,302435,2024-03-24 07:09:08,2024-03-24 03:38:08,2024-03-24 04:27:08
800466,359,마포김밥,서울 마포구 홍익로 3,37.5586433,126.9227338,CLOSED,301405,2025-11-19 09:28:01,2025-11-19 04:59:01,2025-11-19 06:02:01
800467,359,마포김밥,서울 마포구 홍익로 3,37.5560951,126.9245123,CLOSED,301406,2024-03-25 22:00:45,2024-03-25 19:55:45,2024-03-25 20:30:45
800468,384,안양우동,경기 안양시 만안구 냉천로 22,37.3936349,126.9506451,CLOSED,301507,2025-02-21 16:51:02,2025-02-21 12:50:02,2025-02-21 14:50:02
800469,384,안양우동,경기 안양시 만안구 냉천로 22,37.3904209,126.9520662,OPEN,301506,,2025-02-05 20:35:02,2025-02-05 22:16:02
800470,504,해운대스테이크,부산 해운대구 달맞이길 55,35.1631785,129.1691069,CLOSED,301975,2024-11-28 17:59:20,2024-11-28 12:59:20,2024-11-28 13:30:20
800471,504,해운대스테이크,부산 해운대구 달맞이길 55,35.1645867,129.1690429,CLOSED,301970,2024-12-12 22:15:02,2024-12-12 18:32:02,2024-12-12 20:26:02
800472,108,성동중화요리,서울 성동구 고산자로 22,37.5618454,127.0383302,CLOSED,300402,2025-12-23 17:41:57,2025-12-23 12:19:57,2025-12-23 13:23:57
800473,108,성동중화요리,서울 성동구 고산자로 22,37.5632817,127.0413663,CLOSED,300398,2025-04-26 04:18:37,2025-04-25 23:45:37,2025-04-26 00:07:37
800474,479,안양추어탕,경기 안양시 만안구 안양로 15,37.3944386,126.9492634,CLOSED,301870,2025-05-10 16:24:44,2025-05-10 14:29:44,2025-05-10 15:11:44
800475,479,안양추어탕,경기 안양시 만안구 안양로 15,37.3930118,126.9505576,CLOSED,301875,2025-05-09 15:04:10,2025-05-09 10:50:10,2025-05-09 11:51:10
800476,689,안양분식,경기 안양시 만안구 안양천로 3,37.395564,126.9488656,CLOSED,302720,2025-03-09 08:43:12,2025-03-09 02:14:12,2025-03-09 04:06:12
800477,689,안양분식,경기 안양시 만안구 안양천로 3,37.3931947,126.9475096,CLOSED,302720,2026-01-10 20:53:42,2026-01-10 20:30:42,2026-01-10 20:41:42
800478,53,광주우동,광주 서구 상무민주로 14,35.1490642,126.8491118,CLOSED,300190,2024-11-05 15:21:10,2024-11-05 13:55:10,2024-11-05 14:25:10
800479,53,광주우동,광주 서구 상무민주로 14,35.152835,126.8493864,OPEN,300192,,2024-10-28 01:36:00,2024-10-28 02:09:00
800480,546,안양우동,경기 안양시 만안구 냉천로 22,37.3904307,126.9503086,CLOSED,302134,2025-04-05 08:46:41,2025-04-05 03:16:41,2025-04-05 04:14:41
800481,546,안양우동,경기 안양시 만안구 냉천로 22,37.3909296,126.9494235,CLOSED,302132,2025-04-22 06:26:58,2025-04-22 04:16:58,2025-04-22 05:15:58
800482,33,성수카페밥,서울 성동구 뚝섬로 50,37.5458511,127.0488804,CLOSED,300115,2024-10-16 12:01:47,2024-10-16 08:26:47,2024-10-16 08:32:47
800483,33,성수카페밥,서울 성동구 뚝섬로 50,37.5485418,127.0496444,CLOSED,300115,2024-10-18 22:47:34,2024-10-18 21:53:34,2024-10-18 22:03:34
800484,450,광주우동,광주 서구 상무민주로 14,35.1511447,126.8529621,OPEN,301763,,2024-02-16 22:37:17,2024-02-17 00:13:17
800485,450,광주우동,광주 서구 상무민주로 14,35.1529257,126.8517853,CLOSED,301763,2024-02-16 18:40:07,2024-02-16 14:23:07,2024-02-16 15:44:07
800486,584,강남브런치,서울 강남구 논현로 56,37.5131121,127.0299655,CLOSED,302272,2024-07-18 00:48:25,2024-07-17 20:14:25,2024-07-17 21:56:25
800487,584,강남브런치,서울 강남구 논현로 56,37.5112441,127.0302673,CLOSED,302276,2024-07-15 14:04:02,2024-07-15 09:37:02,2024-07-15 10:39:02
800488,281,수원피자,경기 수원시 팔달구 팔달문로 3,37.2812354,127.0169517,CLOSED,301095,2024-10-05 01:57:56,2024-10-04 23:02:56,2024-10-05 00:44:56
800489,281,수원피자,경기 수원시 팔달구 팔달문로 3,37.280808,127.015503,CLOSED,301097,2024-09-29 05:59:32,2024-09-29 02:10:32,2024-09-29 03:18:32
800490,28,성동곰탕,서울 성동구 왕십리로 30,37.5622371,127.0360702,CLOSED,300098,2025-04-14 04:47:29,2025-04-14 00:48:29,2025-04-14 01:49:29
800491,28,성동쌈밥,서울 성동구 성수일로 12,37.544916,127.0569315,CLOSED,300099,2025-03-30 02:07:28,2025-03-30 00:04:28,2025-03-30 01:45:28
800492,14,수원짬뽕,경기 수원시 팔달구 창룡대로 9,37.2862058,127.0207851,CLOSED,300049,2024-09-01 03:47:43,2024-09-01 00:00:43,2024-09-01 01:30:43
800493,14,수원짬뽕,경기 수원시 팔달구 창룡대로 9,37.2832585,127.0199666,CLOSED,300049,2024-12-10 14:46:08,2024-12-10 13:32:08,2024-12-10 14:33:08
800494,395,마포김밥,서울 마포구 홍익로 3,37.555367,126.9243705,CLOSED,301557,2024-12-02 22:38:48,2024-12-02 20:53:48,2024-12-02 21:24:48
800495,395,마포김밥,서울 마포구 홍익로 3,37.5562459,126.9248867,CLOSED,301557,2024-12-16 22:22:19,2024-12-16 16:36:19,2024-12-16 18:13:19
800496,464,대구라멘,대구 중구 서성로 12,35.8723057,128.5928709,CLOSED,301811,2024-02-14 21:26:45,2024-02-14 18:07:45,2024-02-14 18:50:45
800497,464,대구라멘,대구 중구 서성로 12,35.8738041,128.5904383,OPEN,301813,,2024-02-15 11:02:16,2024-02-15 11:17:16
800498,269,광주짬뽕,광주 서구 화정로 5,35.1540413,126.8552784,CLOSED,301044,2025-12-21 20:17:45,2025-12-21 15:17:45,2025-12-21 16:26:45
800499,269,광주짬뽕,광주 서구 화정로 5,35.1540354,126.8556861,CLOSED,301043,2025-12-29 01:17:32,2025-12-28 22:31:32,2025-12-29 00:25:32
800500,670,마포라멘,서울 마포구 월드컵북로 20,37.5621329,126.9252486,CLOSED,302637,2025-10-30 07:51:07,2025-10-30 03:05:07,2025-10-30 03:49:07
800501,670,마포라멘,서울 마포구 월드컵북로 20,37.5616189,126.9237585,CLOSED,302636,2026-05-13 08:56:08,2026-05-13 06:01:08,2026-05-13 07:06:08
800502,43,광주우동,광주 서구 상무민주로 14,35.1505361,126.8502312,CLOSED,300157,2025-10-27 03:42:58,2025-10-26 23:26:58,2025-10-27 00:21:58
800503,43,광주우동,광주 서구 상무민주로 14,35.1527285,126.8496494,CLOSED,300156,2025-01-07 07:34:08,2025-01-07 03:47:08,2025-01-07 04:07:08
