score_id,room_no,score,title,total_spent_amount,total_saved_amount,good_price_verified_count,budget_compliance_rate,avg_savings_ratio,last_calculated_at,updated_at
1,1,54,평범한 절약가,57614,182989,7,81,76,2026-06-15 00:00:00,2026-06-15 00:00:00
2,2,65,가성비 마스터,115209,11907,16,22,9,2026-06-15 00:00:00,2026-06-15 00:00:00
3,3,36,초보 거지,122366,44219,6,47,26,2026-06-15 00:00:00,2026-06-15 00:00:00
4,4,11,아기 거지,112460,4532,12,70,3,2026-06-15 00:00:00,2026-06-15 00:00:00
5,5,36,초보 거지,94310,34092,21,96,26,2026-06-15 00:00:00,2026-06-15 00:00:00
6,6,50,평범한 절약가,140039,39126,21,94,21,2026-06-15 00:00:00,2026-06-15 00:00:00
7,7,42,평범한 절약가,9030,116407,32,16,92,2026-06-15 00:00:00,2026-06-15 00:00:00
8,8,54,평범한 절약가,24891,182590,19,97,88,2026-06-15 00:00:00,2026-06-15 00:00:00
9,9,37,초보 거지,147782,133486,7,95,47,2026-06-15 00:00:00,2026-06-15 00:00:00
10,10,42,평범한 절약가,30043,63939,1,55,68,2026-06-15 00:00:00,2026-06-15 00:00:00
11,11,27,초보 거지,18929,179204,32,48,90,2026-06-15 00:00:00,2026-06-15 00:00:00
12,12,81,짠돌이 대장,143937,78823,29,51,35,2026-06-15 00:00:00,2026-06-15 00:00:00
13,13,13,아기 거지,77112,120956,22,62,61,2026-06-15 00:00:00,2026-06-15 00:00:00
14,14,29,초보 거지,78382,39717,19,30,33,2026-06-15 00:00:00,2026-06-15 00:00:00
15,15,16,아기 거지,38254,40728,28,20,51,2026-06-15 00:00:00,2026-06-15 00:00:00
16,16,45,평범한 절약가,106697,179470,32,30,62,2026-06-15 00:00:00,2026-06-15 00:00:00
17,17,53,평범한 절약가,42390,142388,19,64,77,2026-06-15 00:00:00,2026-06-15 00:00:00
18,18,11,아기 거지,90158,163240,2,69,64,2026-06-15 00:00:00,2026-06-15 00:00:00
19,19,8,아기 거지,14552,50408,30,28,77,2026-06-15 00:00:00,2026-06-15 00:00:00
20,20,93,알뜰한 살림꾼,38374,21827,11,88,36,2026-06-15 00:00:00,2026-06-15 00:00:00
21,21,83,짠돌이 대장,3082,188574,19,38,98,2026-06-15 00:00:00,2026-06-15 00:00:00
22,22,56,평범한 절약가,91981,70075,15,89,43,2026-06-15 00:00:00,2026-06-15 00:00:00
23,23,4,아기 거지,51235,66060,7,45,56,2026-06-15 00:00:00,2026-06-15 00:00:00
24,24,29,초보 거지,139169,173505,11,72,55,2026-06-15 00:00:00,2026-06-15 00:00:00
25,25,3,아기 거지,48893,65215,9,60,57,2026-06-15 00:00:00,2026-06-15 00:00:00
26,26,33,초보 거지,44761,177854,26,81,79,2026-06-15 00:00:00,2026-06-15 00:00:00
27,27,83,짠돌이 대장,53554,146603,17,87,73,2026-06-15 00:00:00,2026-06-15 00:00:00
28,28,46,평범한 절약가,32713,176938,30,36,84,2026-06-15 00:00:00,2026-06-15 00:00:00
29,29,97,절약의 신,21611,27006,19,49,55,2026-06-15 00:00:00,2026-06-15 00:00:00
30,30,2,아기 거지,71147,53033,24,46,42,2026-06-15 00:00:00,2026-06-15 00:00:00
31,31,36,초보 거지,115090,173493,27,13,60,2026-06-15 00:00:00,2026-06-15 00:00:00
32,32,66,가성비 마스터,10460,177072,35,64,94,2026-06-15 00:00:00,2026-06-15 00:00:00
33,33,96,절약의 신,131029,8216,30,77,5,2026-06-15 00:00:00,2026-06-15 00:00:00
34,34,5,아기 거지,32210,37584,31,56,53,2026-06-15 00:00:00,2026-06-15 00:00:00
35,35,6,아기 거지,44331,56617,31,12,56,2026-06-15 00:00:00,2026-06-15 00:00:00
36,36,8,아기 거지,81870,54427,17,97,39,2026-06-15 00:00:00,2026-06-15 00:00:00
37,37,59,평범한 절약가,117972,160487,3,83,57,2026-06-15 00:00:00,2026-06-15 00:00:00
38,38,12,아기 거지,40826,21206,22,67,34,2026-06-15 00:00:00,2026-06-15 00:00:00
39,39,83,짠돌이 대장,23863,134918,9,63,84,2026-06-15 00:00:00,2026-06-15 00:00:00
40,40,90,알뜰한 살림꾼,8792,24916,14,68,73,2026-06-15 00:00:00,2026-06-15 00:00:00
41,41,24,초보 거지,125284,140657,17,34,52,2026-06-15 00:00:00,2026-06-15 00:00:00
42,42,48,평범한 절약가,16326,159788,7,13,90,2026-06-15 00:00:00,2026-06-15 00:00:00
43,43,11,아기 거지,36292,19498,33,96,34,2026-06-15 00:00:00,2026-06-15 00:00:00
44,44,93,알뜰한 살림꾼,65029,107679,18,91,62,2026-06-15 00:00:00,2026-06-15 00:00:00
45,45,43,평범한 절약가,145389,121269,27,46,45,2026-06-15 00:00:00,2026-06-15 00:00:00
46,46,74,가성비 마스터,108784,196089,1,91,64,2026-06-15 00:00:00,2026-06-15 00:00:00
47,47,36,초보 거지,122506,2289,5,62,1,2026-06-15 00:00:00,2026-06-15 00:00:00
48,48,56,평범한 절약가,72538,97463,6,43,57,2026-06-15 00:00:00,2026-06-15 00:00:00
49,49,41,평범한 절약가,75554,85485,28,99,53,2026-06-15 00:00:00,2026-06-15 00:00:00
50,50,58,평범한 절약가,30759,94406,9,50,75,2026-06-15 00:00:00,2026-06-15 00:00:00
51,51,79,짠돌이 대장,117186,99190,1,45,45,2026-06-15 00:00:00,2026-06-15 00:00:00
52,52,33,초보 거지,11399,10416,33,60,47,2026-06-15 00:00:00,2026-06-15 00:00:00
53,53,49,평범한 절약가,18702,4782,19,73,20,2026-06-15 00:00:00,2026-06-15 00:00:00
54,54,37,초보 거지,69973,99630,17,85,58,2026-06-15 00:00:00,2026-06-15 00:00:00
55,55,37,초보 거지,101037,47586,1,20,32,2026-06-15 00:00:00,2026-06-15 00:00:00
56,56,71,가성비 마스터,34446,34633,23,24,50,2026-06-15 00:00:00,2026-06-15 00:00:00
57,57,48,평범한 절약가,100069,68399,10,46,40,2026-06-15 00:00:00,2026-06-15 00:00:00
58,58,16,아기 거지,37667,188728,35,37,83,2026-06-15 00:00:00,2026-06-15 00:00:00
59,59,50,평범한 절약가,89204,192654,31,21,68,2026-06-15 00:00:00,2026-06-15 00:00:00
60,60,1,아기 거지,42103,149903,5,84,78,2026-06-15 00:00:00,2026-06-15 00:00:00
61,61,88,알뜰한 살림꾼,73453,96395,18,72,56,2026-06-15 00:00:00,2026-06-15 00:00:00
62,62,38,초보 거지,11856,123719,15,25,91,2026-06-15 00:00:00,2026-06-15 00:00:00
63,63,13,아기 거지,120139,184663,9,92,60,2026-06-15 00:00:00,2026-06-15 00:00:00
64,64,88,알뜰한 살림꾼,122887,185742,30,17,60,2026-06-15 00:00:00,2026-06-15 00:00:00
65,65,71,가성비 마스터,87785,29694,18,22,25,2026-06-15 00:00:00,2026-06-15 00:00:00
66,66,94,알뜰한 살림꾼,133797,9360,35,84,6,2026-06-15 00:00:00,2026-06-15 00:00:00
67,67,91,알뜰한 살림꾼,6012,161640,24,56,96,2026-06-15 00:00:00,2026-06-15 00:00:00
68,68,40,초보 거지,129127,111964,4,23,46,2026-06-15 00:00:00,2026-06-15 00:00:00
69,69,99,절약의 신,82050,74631,9,90,47,2026-06-15 00:00:00,2026-06-15 00:00:00
70,70,53,평범한 절약가,47757,193156,5,26,80,2026-06-15 00:00:00,2026-06-15 00:00:00
71,71,53,평범한 절약가,60724,56123,12,19,48,2026-06-15 00:00:00,2026-06-15 00:00:00
72,72,49,평범한 절약가,90484,186449,22,55,67,2026-06-15 00:00:00,2026-06-15 00:00:00
73,73,64,가성비 마스터,87855,79792,33,47,47,2026-06-15 00:00:00,2026-06-15 00:00:00
74,74,36,초보 거지,103360,157340,28,92,60,2026-06-15 00:00:00,2026-06-15 00:00:00
75,75,86,알뜰한 살림꾼,67169,143716,34,12,68,2026-06-15 00:00:00,2026-06-15 00:00:00
76,76,40,초보 거지,71357,136880,31,24,65,2026-06-15 00:00:00,2026-06-15 00:00:00
77,77,1,아기 거지,37421,39680,21,54,51,2026-06-15 00:00:00,2026-06-15 00:00:00
78,78,27,초보 거지,10378,29770,32,26,74,2026-06-15 00:00:00,2026-06-15 00:00:00
79,79,8,아기 거지,112128,164181,25,33,59,2026-06-15 00:00:00,2026-06-15 00:00:00
80,80,25,초보 거지,3301,116776,16,67,97,2026-06-15 00:00:00,2026-06-15 00:00:00
81,81,21,초보 거지,25483,186317,15,77,87,2026-06-15 00:00:00,2026-06-15 00:00:00
82,82,54,평범한 절약가,88464,24252,34,32,21,2026-06-15 00:00:00,2026-06-15 00:00:00
83,83,23,초보 거지,135895,166723,23,47,55,2026-06-15 00:00:00,2026-06-15 00:00:00
84,84,51,평범한 절약가,37852,156219,10,84,80,2026-06-15 00:00:00,2026-06-15 00:00:00
85,85,16,아기 거지,104577,161595,25,97,60,2026-06-15 00:00:00,2026-06-15 00:00:00
86,86,92,알뜰한 살림꾼,97046,172818,6,34,64,2026-06-15 00:00:00,2026-06-15 00:00:00
87,87,10,아기 거지,31507,85401,1,64,73,2026-06-15 00:00:00,2026-06-15 00:00:00
88,88,15,아기 거지,47263,190339,15,50,80,2026-06-15 00:00:00,2026-06-15 00:00:00
89,89,52,평범한 절약가,90624,47303,34,77,34,2026-06-15 00:00:00,2026-06-15 00:00:00
90,90,6,아기 거지,14972,23601,6,33,61,2026-06-15 00:00:00,2026-06-15 00:00:00
91,91,54,평범한 절약가,79156,123223,4,91,60,2026-06-15 00:00:00,2026-06-15 00:00:00
92,92,88,알뜰한 살림꾼,63710,185508,34,33,74,2026-06-15 00:00:00,2026-06-15 00:00:00
93,93,23,초보 거지,114574,43216,20,37,27,2026-06-15 00:00:00,2026-06-15 00:00:00
94,94,32,초보 거지,46040,178988,26,30,79,2026-06-15 00:00:00,2026-06-15 00:00:00
95,95,10,아기 거지,120326,15550,8,84,11,2026-06-15 00:00:00,2026-06-15 00:00:00
96,96,13,아기 거지,55299,54933,3,60,49,2026-06-15 00:00:00,2026-06-15 00:00:00
97,97,60,평범한 절약가,94728,90423,6,89,48,2026-06-15 00:00:00,2026-06-15 00:00:00
98,98,97,절약의 신,85609,150846,35,91,63,2026-06-15 00:00:00,2026-06-15 00:00:00
99,99,18,아기 거지,59561,18217,27,16,23,2026-06-15 00:00:00,2026-06-15 00:00:00
100,100,34,초보 거지,11383,138704,12,70,92,2026-06-15 00:00:00,2026-06-15 00:00:00
101,101,25,초보 거지,124058,79327,25,85,39,2026-06-15 00:00:00,2026-06-15 00:00:00
102,102,21,초보 거지,137723,123977,34,25,47,2026-06-15 00:00:00,2026-06-15 00:00:00
103,103,40,초보 거지,34181,98986,10,53,74,2026-06-15 00:00:00,2026-06-15 00:00:00
104,104,38,초보 거지,90408,79671,33,45,46,2026-06-15 00:00:00,2026-06-15 00:00:00
105,105,73,가성비 마스터,104729,33280,24,36,24,2026-06-15 00:00:00,2026-06-15 00:00:00
106,106,15,아기 거지,89178,85199,16,13,48,2026-06-15 00:00:00,2026-06-15 00:00:00
107,107,16,아기 거지,70215,27119,2,39,27,2026-06-15 00:00:00,2026-06-15 00:00:00
108,108,16,아기 거지,147068,136835,32,45,48,2026-06-15 00:00:00,2026-06-15 00:00:00
109,109,64,가성비 마스터,80252,165236,7,52,67,2026-06-15 00:00:00,2026-06-15 00:00:00
110,110,14,아기 거지,138046,118412,7,85,46,2026-06-15 00:00:00,2026-06-15 00:00:00
111,111,96,절약의 신,12110,27727,26,76,69,2026-06-15 00:00:00,2026-06-15 00:00:00
112,112,3,아기 거지,30936,28734,11,25,48,2026-06-15 00:00:00,2026-06-15 00:00:00
113,113,5,아기 거지,134250,43349,25,62,24,2026-06-15 00:00:00,2026-06-15 00:00:00
114,114,55,평범한 절약가,29070,54994,18,47,65,2026-06-15 00:00:00,2026-06-15 00:00:00
115,115,88,알뜰한 살림꾼,56775,44206,22,99,43,2026-06-15 00:00:00,2026-06-15 00:00:00
116,116,14,아기 거지,131513,9874,22,41,6,2026-06-15 00:00:00,2026-06-15 00:00:00
117,117,57,평범한 절약가,80518,113389,32,68,58,2026-06-15 00:00:00,2026-06-15 00:00:00
118,118,87,알뜰한 살림꾼,52414,11449,33,83,17,2026-06-15 00:00:00,2026-06-15 00:00:00
119,119,84,짠돌이 대장,46920,145430,5,51,75,2026-06-15 00:00:00,2026-06-15 00:00:00
120,120,39,초보 거지,57778,31139,20,37,35,2026-06-15 00:00:00,2026-06-15 00:00:00
121,121,7,아기 거지,142604,15004,24,71,9,2026-06-15 00:00:00,2026-06-15 00:00:00
122,122,65,가성비 마스터,4528,70104,31,88,93,2026-06-15 00:00:00,2026-06-15 00:00:00
123,123,35,초보 거지,128394,107719,5,17,45,2026-06-15 00:00:00,2026-06-15 00:00:00
124,124,19,아기 거지,39992,149441,6,14,78,2026-06-15 00:00:00,2026-06-15 00:00:00
125,125,69,가성비 마스터,71749,93890,26,59,56,2026-06-15 00:00:00,2026-06-15 00:00:00
126,126,66,가성비 마스터,128672,12648,20,34,8,2026-06-15 00:00:00,2026-06-15 00:00:00
127,127,80,짠돌이 대장,16603,72301,16,98,81,2026-06-15 00:00:00,2026-06-15 00:00:00
128,128,10,아기 거지,49497,178426,32,92,78,2026-06-15 00:00:00,2026-06-15 00:00:00
129,129,75,가성비 마스터,126414,7648,13,12,5,2026-06-15 00:00:00,2026-06-15 00:00:00
130,130,29,초보 거지,13583,147486,26,80,91,2026-06-15 00:00:00,2026-06-15 00:00:00
131,131,57,평범한 절약가,74091,157451,14,30,68,2026-06-15 00:00:00,2026-06-15 00:00:00
132,132,99,절약의 신,114151,195204,16,14,63,2026-06-15 00:00:00,2026-06-15 00:00:00
133,133,40,초보 거지,63241,150151,14,33,70,2026-06-15 00:00:00,2026-06-15 00:00:00
134,134,26,초보 거지,98525,65383,1,44,39,2026-06-15 00:00:00,2026-06-15 00:00:00
135,135,91,알뜰한 살림꾼,29546,186910,22,72,86,2026-06-15 00:00:00,2026-06-15 00:00:00
136,136,6,아기 거지,135299,186220,23,28,57,2026-06-15 00:00:00,2026-06-15 00:00:00
137,137,8,아기 거지,35707,189665,16,57,84,2026-06-15 00:00:00,2026-06-15 00:00:00
138,138,61,가성비 마스터,44704,43684,29,34,49,2026-06-15 00:00:00,2026-06-15 00:00:00
139,139,63,가성비 마스터,77589,148122,13,78,65,2026-06-15 00:00:00,2026-06-15 00:00:00
140,140,33,초보 거지,18022,95756,19,89,84,2026-06-15 00:00:00,2026-06-15 00:00:00
141,141,36,초보 거지,106713,166566,15,41,60,2026-06-15 00:00:00,2026-06-15 00:00:00
142,142,26,초보 거지,46174,192730,35,61,80,2026-06-15 00:00:00,2026-06-15 00:00:00
143,143,94,알뜰한 살림꾼,5002,154754,19,92,96,2026-06-15 00:00:00,2026-06-15 00:00:00
144,144,63,가성비 마스터,94074,45120,29,94,32,2026-06-15 00:00:00,2026-06-15 00:00:00
145,145,88,알뜰한 살림꾼,140635,99035,17,55,41,2026-06-15 00:00:00,2026-06-15 00:00:00
146,146,3,아기 거지,23911,185646,9,26,88,2026-06-15 00:00:00,2026-06-15 00:00:00
147,147,13,아기 거지,53546,65682,18,69,55,2026-06-15 00:00:00,2026-06-15 00:00:00
148,148,65,가성비 마스터,143556,179951,32,24,55,2026-06-15 00:00:00,2026-06-15 00:00:00
149,149,40,초보 거지,117299,90738,35,79,43,2026-06-15 00:00:00,2026-06-15 00:00:00
150,150,62,가성비 마스터,82356,38855,8,28,32,2026-06-15 00:00:00,2026-06-15 00:00:00
151,151,77,짠돌이 대장,109307,111119,34,67,50,2026-06-15 00:00:00,2026-06-15 00:00:00
152,152,35,초보 거지,106915,98913,35,94,48,2026-06-15 00:00:00,2026-06-15 00:00:00
153,153,68,가성비 마스터,125758,65040,19,34,34,2026-06-15 00:00:00,2026-06-15 00:00:00
154,154,54,평범한 절약가,120471,131895,10,52,52,2026-06-15 00:00:00,2026-06-15 00:00:00
155,155,20,아기 거지,57935,99296,34,58,63,2026-06-15 00:00:00,2026-06-15 00:00:00
156,156,48,평범한 절약가,61191,41713,3,91,40,2026-06-15 00:00:00,2026-06-15 00:00:00
157,157,84,짠돌이 대장,63130,85622,34,34,57,2026-06-15 00:00:00,2026-06-15 00:00:00
158,158,27,초보 거지,74598,184549,23,63,71,2026-06-15 00:00:00,2026-06-15 00:00:00
159,159,52,평범한 절약가,12888,189858,14,18,93,2026-06-15 00:00:00,2026-06-15 00:00:00
160,160,18,아기 거지,78871,187151,6,51,70,2026-06-15 00:00:00,2026-06-15 00:00:00
161,161,8,아기 거지,10391,102413,31,30,90,2026-06-15 00:00:00,2026-06-15 00:00:00
162,162,13,아기 거지,12002,124048,9,43,91,2026-06-15 00:00:00,2026-06-15 00:00:00
163,163,12,아기 거지,145575,146234,7,12,50,2026-06-15 00:00:00,2026-06-15 00:00:00
164,164,92,알뜰한 살림꾼,121402,167767,28,92,58,2026-06-15 00:00:00,2026-06-15 00:00:00
165,165,34,초보 거지,119777,64874,19,64,35,2026-06-15 00:00:00,2026-06-15 00:00:00
166,166,36,초보 거지,125503,122283,16,72,49,2026-06-15 00:00:00,2026-06-15 00:00:00
167,167,86,알뜰한 살림꾼,56446,195072,18,43,77,2026-06-15 00:00:00,2026-06-15 00:00:00
168,168,55,평범한 절약가,146099,88953,24,33,37,2026-06-15 00:00:00,2026-06-15 00:00:00
169,169,75,가성비 마스터,78080,148010,8,95,65,2026-06-15 00:00:00,2026-06-15 00:00:00
170,170,83,짠돌이 대장,34481,88672,22,98,72,2026-06-15 00:00:00,2026-06-15 00:00:00
171,171,33,초보 거지,135914,12338,35,59,8,2026-06-15 00:00:00,2026-06-15 00:00:00
172,172,27,초보 거지,64908,190196,11,96,74,2026-06-15 00:00:00,2026-06-15 00:00:00
173,173,83,짠돌이 대장,118662,183597,14,93,60,2026-06-15 00:00:00,2026-06-15 00:00:00
174,174,97,절약의 신,78021,35916,8,12,31,2026-06-15 00:00:00,2026-06-15 00:00:00
175,175,17,아기 거지,146995,154380,9,76,51,2026-06-15 00:00:00,2026-06-15 00:00:00
176,176,51,평범한 절약가,103662,96873,11,77,48,2026-06-15 00:00:00,2026-06-15 00:00:00
177,177,88,알뜰한 살림꾼,110129,24844,29,77,18,2026-06-15 00:00:00,2026-06-15 00:00:00
178,178,62,가성비 마스터,64912,98831,28,18,60,2026-06-15 00:00:00,2026-06-15 00:00:00
179,179,54,평범한 절약가,9990,2458,26,33,19,2026-06-15 00:00:00,2026-06-15 00:00:00
180,180,42,평범한 절약가,115129,113579,27,93,49,2026-06-15 00:00:00,2026-06-15 00:00:00
181,181,92,알뜰한 살림꾼,38021,108731,20,87,74,2026-06-15 00:00:00,2026-06-15 00:00:00
182,182,42,평범한 절약가,114070,170599,18,86,59,2026-06-15 00:00:00,2026-06-15 00:00:00
183,183,88,알뜰한 살림꾼,8907,130738,26,96,93,2026-06-15 00:00:00,2026-06-15 00:00:00
184,184,88,알뜰한 살림꾼,123737,144098,19,35,53,2026-06-15 00:00:00,2026-06-15 00:00:00
185,185,73,가성비 마스터,36365,171800,13,40,82,2026-06-15 00:00:00,2026-06-15 00:00:00
186,186,13,아기 거지,131374,157993,9,38,54,2026-06-15 00:00:00,2026-06-15 00:00:00
187,187,61,가성비 마스터,14170,90193,26,44,86,2026-06-15 00:00:00,2026-06-15 00:00:00
188,188,19,아기 거지,88217,32020,30,55,26,2026-06-15 00:00:00,2026-06-15 00:00:00
189,189,24,초보 거지,102343,154456,8,42,60,2026-06-15 00:00:00,2026-06-15 00:00:00
190,190,33,초보 거지,110893,128964,28,27,53,2026-06-15 00:00:00,2026-06-15 00:00:00
191,191,76,짠돌이 대장,76974,70952,31,55,47,2026-06-15 00:00:00,2026-06-15 00:00:00
192,192,35,초보 거지,71036,102656,28,80,59,2026-06-15 00:00:00,2026-06-15 00:00:00
193,193,28,초보 거지,13494,100856,28,79,88,2026-06-15 00:00:00,2026-06-15 00:00:00
194,194,2,아기 거지,123562,10222,9,67,7,2026-06-15 00:00:00,2026-06-15 00:00:00
195,195,39,초보 거지,92507,35442,9,95,27,2026-06-15 00:00:00,2026-06-15 00:00:00
196,196,72,가성비 마스터,52822,148856,28,36,73,2026-06-15 00:00:00,2026-06-15 00:00:00
197,197,24,초보 거지,10065,117345,27,25,92,2026-06-15 00:00:00,2026-06-15 00:00:00
198,198,27,초보 거지,108496,13727,7,49,11,2026-06-15 00:00:00,2026-06-15 00:00:00
199,199,44,평범한 절약가,73314,192083,8,92,72,2026-06-15 00:00:00,2026-06-15 00:00:00
200,200,34,초보 거지,146198,22142,11,55,13,2026-06-15 00:00:00,2026-06-15 00:00:00
201,201,8,아기 거지,49600,184396,8,95,78,2026-06-15 00:00:00,2026-06-15 00:00:00
202,202,2,아기 거지,3135,126054,11,32,97,2026-06-15 00:00:00,2026-06-15 00:00:00
203,203,35,초보 거지,38665,127842,16,88,76,2026-06-15 00:00:00,2026-06-15 00:00:00
204,204,66,가성비 마스터,87273,84100,24,65,49,2026-06-15 00:00:00,2026-06-15 00:00:00
205,205,43,평범한 절약가,137558,47452,31,18,25,2026-06-15 00:00:00,2026-06-15 00:00:00
206,206,83,짠돌이 대장,121669,81303,32,45,40,2026-06-15 00:00:00,2026-06-15 00:00:00
207,207,6,아기 거지,32382,142403,18,65,81,2026-06-15 00:00:00,2026-06-15 00:00:00
208,208,51,평범한 절약가,95225,104835,19,13,52,2026-06-15 00:00:00,2026-06-15 00:00:00
209,209,92,알뜰한 살림꾼,104724,88347,22,76,45,2026-06-15 00:00:00,2026-06-15 00:00:00
210,210,63,가성비 마스터,117268,42121,10,40,26,2026-06-15 00:00:00,2026-06-15 00:00:00
211,211,2,아기 거지,59858,39551,3,75,39,2026-06-15 00:00:00,2026-06-15 00:00:00
212,212,49,평범한 절약가,71424,180548,28,75,71,2026-06-15 00:00:00,2026-06-15 00:00:00
213,213,30,초보 거지,37599,180551,5,13,82,2026-06-15 00:00:00,2026-06-15 00:00:00
214,214,79,짠돌이 대장,106556,169763,24,53,61,2026-06-15 00:00:00,2026-06-15 00:00:00
215,215,77,짠돌이 대장,140121,150217,4,12,51,2026-06-15 00:00:00,2026-06-15 00:00:00
216,216,76,짠돌이 대장,138684,7552,33,31,5,2026-06-15 00:00:00,2026-06-15 00:00:00
217,217,79,짠돌이 대장,58710,135067,9,52,69,2026-06-15 00:00:00,2026-06-15 00:00:00
218,218,21,초보 거지,32926,15026,24,74,31,2026-06-15 00:00:00,2026-06-15 00:00:00
219,219,52,평범한 절약가,20167,136750,14,16,87,2026-06-15 00:00:00,2026-06-15 00:00:00
220,220,59,평범한 절약가,138173,160789,16,71,53,2026-06-15 00:00:00,2026-06-15 00:00:00
221,221,12,아기 거지,106409,159925,22,12,60,2026-06-15 00:00:00,2026-06-15 00:00:00
222,222,67,가성비 마스터,101028,50388,13,34,33,2026-06-15 00:00:00,2026-06-15 00:00:00
223,223,47,평범한 절약가,49530,196088,11,46,79,2026-06-15 00:00:00,2026-06-15 00:00:00
224,224,56,평범한 절약가,149330,192348,24,43,56,2026-06-15 00:00:00,2026-06-15 00:00:00
225,225,19,아기 거지,132458,53331,26,23,28,2026-06-15 00:00:00,2026-06-15 00:00:00
226,226,50,평범한 절약가,10944,182875,6,27,94,2026-06-15 00:00:00,2026-06-15 00:00:00
227,227,29,초보 거지,131221,25043,1,32,16,2026-06-15 00:00:00,2026-06-15 00:00:00
228,228,3,아기 거지,63081,114256,22,19,64,2026-06-15 00:00:00,2026-06-15 00:00:00
229,229,25,초보 거지,10218,160501,20,79,94,2026-06-15 00:00:00,2026-06-15 00:00:00
230,230,42,평범한 절약가,63816,93350,4,92,59,2026-06-15 00:00:00,2026-06-15 00:00:00
231,231,4,아기 거지,13085,47261,26,84,78,2026-06-15 00:00:00,2026-06-15 00:00:00
232,232,42,평범한 절약가,94238,128004,29,39,57,2026-06-15 00:00:00,2026-06-15 00:00:00
233,233,94,알뜰한 살림꾼,145059,165195,25,50,53,2026-06-15 00:00:00,2026-06-15 00:00:00
234,234,4,아기 거지,51600,37777,14,12,42,2026-06-15 00:00:00,2026-06-15 00:00:00
235,235,69,가성비 마스터,135778,194247,9,37,58,2026-06-15 00:00:00,2026-06-15 00:00:00
236,236,62,가성비 마스터,84270,164261,6,37,66,2026-06-15 00:00:00,2026-06-15 00:00:00
237,237,38,초보 거지,37997,22153,8,36,36,2026-06-15 00:00:00,2026-06-15 00:00:00
238,238,74,가성비 마스터,76794,112339,6,87,59,2026-06-15 00:00:00,2026-06-15 00:00:00
239,239,85,짠돌이 대장,121670,150113,30,23,55,2026-06-15 00:00:00,2026-06-15 00:00:00
240,240,10,아기 거지,141776,86814,8,20,37,2026-06-15 00:00:00,2026-06-15 00:00:00
241,241,93,알뜰한 살림꾼,42334,148942,17,54,77,2026-06-15 00:00:00,2026-06-15 00:00:00
242,242,8,아기 거지,14524,166265,25,66,91,2026-06-15 00:00:00,2026-06-15 00:00:00
243,243,12,아기 거지,149705,135968,17,76,47,2026-06-15 00:00:00,2026-06-15 00:00:00
244,244,70,가성비 마스터,6365,117083,18,69,94,2026-06-15 00:00:00,2026-06-15 00:00:00
245,245,15,아기 거지,48604,119018,6,26,71,2026-06-15 00:00:00,2026-06-15 00:00:00
246,246,98,절약의 신,116747,172386,12,13,59,2026-06-15 00:00:00,2026-06-15 00:00:00
247,247,1,아기 거지,6214,92056,1,73,93,2026-06-15 00:00:00,2026-06-15 00:00:00
248,248,4,아기 거지,107762,168530,16,66,61,2026-06-15 00:00:00,2026-06-15 00:00:00
249,249,85,짠돌이 대장,7519,152233,1,35,95,2026-06-15 00:00:00,2026-06-15 00:00:00
250,250,47,평범한 절약가,52010,193660,34,44,78,2026-06-15 00:00:00,2026-06-15 00:00:00
251,251,90,알뜰한 살림꾼,18738,169077,20,83,90,2026-06-15 00:00:00,2026-06-15 00:00:00
252,252,60,평범한 절약가,147378,116686,29,61,44,2026-06-15 00:00:00,2026-06-15 00:00:00
253,253,40,초보 거지,140600,41421,7,72,22,2026-06-15 00:00:00,2026-06-15 00:00:00
254,254,17,아기 거지,142753,48905,16,66,25,2026-06-15 00:00:00,2026-06-15 00:00:00
255,255,95,알뜰한 살림꾼,107494,35517,21,67,24,2026-06-15 00:00:00,2026-06-15 00:00:00
256,256,48,평범한 절약가,147359,112884,19,13,43,2026-06-15 00:00:00,2026-06-15 00:00:00
257,257,89,알뜰한 살림꾼,61376,144867,19,71,70,2026-06-15 00:00:00,2026-06-15 00:00:00
258,258,21,초보 거지,23355,52287,35,78,69,2026-06-15 00:00:00,2026-06-15 00:00:00
259,259,10,아기 거지,145261,178866,28,38,55,2026-06-15 00:00:00,2026-06-15 00:00:00
260,260,35,초보 거지,95780,119664,4,50,55,2026-06-15 00:00:00,2026-06-15 00:00:00
261,261,20,아기 거지,73176,139038,9,62,65,2026-06-15 00:00:00,2026-06-15 00:00:00
262,262,19,아기 거지,49087,98491,1,62,66,2026-06-15 00:00:00,2026-06-15 00:00:00
263,263,93,알뜰한 살림꾼,38534,102372,1,64,72,2026-06-15 00:00:00,2026-06-15 00:00:00
264,264,83,짠돌이 대장,131891,37722,15,56,22,2026-06-15 00:00:00,2026-06-15 00:00:00
265,265,85,짠돌이 대장,53423,129300,27,10,70,2026-06-15 00:00:00,2026-06-15 00:00:00
266,266,57,평범한 절약가,62255,163891,35,97,72,2026-06-15 00:00:00,2026-06-15 00:00:00
267,267,52,평범한 절약가,56254,130115,3,53,69,2026-06-15 00:00:00,2026-06-15 00:00:00
268,268,19,아기 거지,110248,37697,10,45,25,2026-06-15 00:00:00,2026-06-15 00:00:00
269,269,8,아기 거지,124906,11945,15,43,8,2026-06-15 00:00:00,2026-06-15 00:00:00
270,270,41,평범한 절약가,125672,83700,14,79,39,2026-06-15 00:00:00,2026-06-15 00:00:00
271,271,67,가성비 마스터,70153,38067,24,24,35,2026-06-15 00:00:00,2026-06-15 00:00:00
272,272,16,아기 거지,39389,112064,22,13,73,2026-06-15 00:00:00,2026-06-15 00:00:00
273,273,63,가성비 마스터,12134,7484,6,35,38,2026-06-15 00:00:00,2026-06-15 00:00:00
274,274,95,알뜰한 살림꾼,30264,118570,12,16,79,2026-06-15 00:00:00,2026-06-15 00:00:00
275,275,49,평범한 절약가,40644,111048,21,48,73,2026-06-15 00:00:00,2026-06-15 00:00:00
276,276,71,가성비 마스터,96950,108762,20,97,52,2026-06-15 00:00:00,2026-06-15 00:00:00
277,277,81,짠돌이 대장,144306,52084,15,65,26,2026-06-15 00:00:00,2026-06-15 00:00:00
278,278,30,초보 거지,53460,96093,7,81,64,2026-06-15 00:00:00,2026-06-15 00:00:00
279,279,32,초보 거지,82991,38143,8,24,31,2026-06-15 00:00:00,2026-06-15 00:00:00
280,280,24,초보 거지,52224,48755,21,62,48,2026-06-15 00:00:00,2026-06-15 00:00:00
281,281,100,절약의 신,46695,54041,15,22,53,2026-06-15 00:00:00,2026-06-15 00:00:00
282,282,75,가성비 마스터,54980,138821,34,75,71,2026-06-15 00:00:00,2026-06-15 00:00:00
283,283,71,가성비 마스터,93597,90198,27,72,49,2026-06-15 00:00:00,2026-06-15 00:00:00
284,284,52,평범한 절약가,84294,107662,14,55,56,2026-06-15 00:00:00,2026-06-15 00:00:00
285,285,81,짠돌이 대장,122743,124304,6,73,50,2026-06-15 00:00:00,2026-06-15 00:00:00
286,286,61,가성비 마스터,93500,66389,12,52,41,2026-06-15 00:00:00,2026-06-15 00:00:00
287,287,14,아기 거지,112454,58638,17,40,34,2026-06-15 00:00:00,2026-06-15 00:00:00
288,288,24,초보 거지,96990,35487,11,58,26,2026-06-15 00:00:00,2026-06-15 00:00:00
289,289,95,알뜰한 살림꾼,48128,23543,8,51,32,2026-06-15 00:00:00,2026-06-15 00:00:00
290,290,79,짠돌이 대장,106453,59223,17,89,35,2026-06-15 00:00:00,2026-06-15 00:00:00
291,291,15,아기 거지,30846,55863,35,58,64,2026-06-15 00:00:00,2026-06-15 00:00:00
292,292,84,짠돌이 대장,91778,122650,19,66,57,2026-06-15 00:00:00,2026-06-15 00:00:00
293,293,80,짠돌이 대장,59237,56425,7,58,48,2026-06-15 00:00:00,2026-06-15 00:00:00
294,294,32,초보 거지,121681,112571,21,24,48,2026-06-15 00:00:00,2026-06-15 00:00:00
295,295,91,알뜰한 살림꾼,130061,125054,29,39,49,2026-06-15 00:00:00,2026-06-15 00:00:00
296,296,29,초보 거지,66081,34113,2,20,34,2026-06-15 00:00:00,2026-06-15 00:00:00
297,297,84,짠돌이 대장,51189,13186,29,34,20,2026-06-15 00:00:00,2026-06-15 00:00:00
298,298,52,평범한 절약가,129882,50583,33,57,28,2026-06-15 00:00:00,2026-06-15 00:00:00
299,299,47,평범한 절약가,29723,160465,26,76,84,2026-06-15 00:00:00,2026-06-15 00:00:00
300,300,18,아기 거지,132611,27878,25,36,17,2026-06-15 00:00:00,2026-06-15 00:00:00
301,301,24,초보 거지,13919,150381,18,33,91,2026-06-15 00:00:00,2026-06-15 00:00:00
302,302,12,아기 거지,37650,116935,12,95,75,2026-06-15 00:00:00,2026-06-15 00:00:00
303,303,56,평범한 절약가,125740,49664,33,43,28,2026-06-15 00:00:00,2026-06-15 00:00:00
304,304,89,알뜰한 살림꾼,39052,127200,27,28,76,2026-06-15 00:00:00,2026-06-15 00:00:00
305,305,35,초보 거지,70982,86661,26,49,54,2026-06-15 00:00:00,2026-06-15 00:00:00
306,306,34,초보 거지,70098,132366,3,42,65,2026-06-15 00:00:00,2026-06-15 00:00:00
307,307,79,짠돌이 대장,41878,167948,9,52,80,2026-06-15 00:00:00,2026-06-15 00:00:00
308,308,34,초보 거지,125811,172177,11,21,57,2026-06-15 00:00:00,2026-06-15 00:00:00
309,309,22,초보 거지,42600,86834,20,38,67,2026-06-15 00:00:00,2026-06-15 00:00:00
310,310,39,초보 거지,116702,192151,18,10,62,2026-06-15 00:00:00,2026-06-15 00:00:00
311,311,83,짠돌이 대장,33316,144819,20,98,81,2026-06-15 00:00:00,2026-06-15 00:00:00
312,312,8,아기 거지,95676,35589,10,76,27,2026-06-15 00:00:00,2026-06-15 00:00:00
313,313,24,초보 거지,106885,128131,2,99,54,2026-06-15 00:00:00,2026-06-15 00:00:00
314,314,82,짠돌이 대장,128917,84992,7,61,39,2026-06-15 00:00:00,2026-06-15 00:00:00
315,315,39,초보 거지,58024,6167,26,77,9,2026-06-15 00:00:00,2026-06-15 00:00:00
316,316,81,짠돌이 대장,134207,21620,21,12,13,2026-06-15 00:00:00,2026-06-15 00:00:00
317,317,23,초보 거지,84718,45679,16,54,35,2026-06-15 00:00:00,2026-06-15 00:00:00
318,318,50,평범한 절약가,146768,191240,31,44,56,2026-06-15 00:00:00,2026-06-15 00:00:00
319,319,38,초보 거지,50716,160189,35,78,75,2026-06-15 00:00:00,2026-06-15 00:00:00
320,320,61,가성비 마스터,61138,77694,26,14,55,2026-06-15 00:00:00,2026-06-15 00:00:00
321,321,63,가성비 마스터,52204,31296,29,49,37,2026-06-15 00:00:00,2026-06-15 00:00:00
322,322,95,알뜰한 살림꾼,131826,100862,25,79,43,2026-06-15 00:00:00,2026-06-15 00:00:00
323,323,73,가성비 마스터,129706,133252,3,65,50,2026-06-15 00:00:00,2026-06-15 00:00:00
324,324,97,절약의 신,105966,128195,6,14,54,2026-06-15 00:00:00,2026-06-15 00:00:00
325,325,45,평범한 절약가,92825,3005,22,48,3,2026-06-15 00:00:00,2026-06-15 00:00:00
326,326,96,절약의 신,84842,59774,11,10,41,2026-06-15 00:00:00,2026-06-15 00:00:00
327,327,15,아기 거지,105022,131217,9,28,55,2026-06-15 00:00:00,2026-06-15 00:00:00
328,328,31,초보 거지,22036,81644,2,37,78,2026-06-15 00:00:00,2026-06-15 00:00:00
329,329,93,알뜰한 살림꾼,149903,68450,22,55,31,2026-06-15 00:00:00,2026-06-15 00:00:00
330,330,6,아기 거지,123168,163234,16,19,56,2026-06-15 00:00:00,2026-06-15 00:00:00
331,331,41,평범한 절약가,69348,107832,4,51,60,2026-06-15 00:00:00,2026-06-15 00:00:00
332,332,26,초보 거지,111574,49221,8,70,30,2026-06-15 00:00:00,2026-06-15 00:00:00
333,333,31,초보 거지,108359,185794,30,12,63,2026-06-15 00:00:00,2026-06-15 00:00:00
334,334,36,초보 거지,126484,95144,23,41,42,2026-06-15 00:00:00,2026-06-15 00:00:00
335,335,96,절약의 신,142182,110558,3,23,43,2026-06-15 00:00:00,2026-06-15 00:00:00
336,336,69,가성비 마스터,131175,27139,18,45,17,2026-06-15 00:00:00,2026-06-15 00:00:00
337,337,30,초보 거지,13525,120897,3,55,89,2026-06-15 00:00:00,2026-06-15 00:00:00
338,338,88,알뜰한 살림꾼,27699,48537,4,39,63,2026-06-15 00:00:00,2026-06-15 00:00:00
339,339,77,짠돌이 대장,114657,148471,22,72,56,2026-06-15 00:00:00,2026-06-15 00:00:00
340,340,44,평범한 절약가,75512,191449,23,53,71,2026-06-15 00:00:00,2026-06-15 00:00:00
341,341,27,초보 거지,5716,181317,16,25,96,2026-06-15 00:00:00,2026-06-15 00:00:00
342,342,9,아기 거지,40780,154525,30,89,79,2026-06-15 00:00:00,2026-06-15 00:00:00
343,343,72,가성비 마스터,73521,99487,12,73,57,2026-06-15 00:00:00,2026-06-15 00:00:00
344,344,95,알뜰한 살림꾼,131462,89509,17,78,40,2026-06-15 00:00:00,2026-06-15 00:00:00
345,345,79,짠돌이 대장,11577,189706,6,81,94,2026-06-15 00:00:00,2026-06-15 00:00:00
346,346,39,초보 거지,43790,195069,30,28,81,2026-06-15 00:00:00,2026-06-15 00:00:00
347,347,11,아기 거지,110763,2528,18,91,2,2026-06-15 00:00:00,2026-06-15 00:00:00
348,348,21,초보 거지,135855,162170,25,39,54,2026-06-15 00:00:00,2026-06-15 00:00:00
349,349,95,알뜰한 살림꾼,7544,26842,3,43,78,2026-06-15 00:00:00,2026-06-15 00:00:00
350,350,24,초보 거지,115753,31619,2,48,21,2026-06-15 00:00:00,2026-06-15 00:00:00
351,351,30,초보 거지,21128,182401,16,37,89,2026-06-15 00:00:00,2026-06-15 00:00:00
352,352,37,초보 거지,77654,135594,20,41,63,2026-06-15 00:00:00,2026-06-15 00:00:00
353,353,22,초보 거지,25384,198916,32,30,88,2026-06-15 00:00:00,2026-06-15 00:00:00
354,354,44,평범한 절약가,13885,126361,20,18,90,2026-06-15 00:00:00,2026-06-15 00:00:00
355,355,54,평범한 절약가,90897,116407,27,62,56,2026-06-15 00:00:00,2026-06-15 00:00:00
356,356,40,초보 거지,124790,70703,31,61,36,2026-06-15 00:00:00,2026-06-15 00:00:00
357,357,14,아기 거지,39753,51696,12,58,56,2026-06-15 00:00:00,2026-06-15 00:00:00
358,358,73,가성비 마스터,47352,108997,33,59,69,2026-06-15 00:00:00,2026-06-15 00:00:00
359,359,11,아기 거지,97144,104688,24,87,51,2026-06-15 00:00:00,2026-06-15 00:00:00
360,360,30,초보 거지,75560,64085,17,41,45,2026-06-15 00:00:00,2026-06-15 00:00:00
361,361,32,초보 거지,43863,17035,30,83,27,2026-06-15 00:00:00,2026-06-15 00:00:00
362,362,46,평범한 절약가,60158,167685,24,59,73,2026-06-15 00:00:00,2026-06-15 00:00:00
363,363,78,짠돌이 대장,92190,92350,3,23,50,2026-06-15 00:00:00,2026-06-15 00:00:00
364,364,71,가성비 마스터,82239,68296,11,47,45,2026-06-15 00:00:00,2026-06-15 00:00:00
365,365,70,가성비 마스터,64624,133653,14,24,67,2026-06-15 00:00:00,2026-06-15 00:00:00
366,366,71,가성비 마스터,15540,53836,33,90,77,2026-06-15 00:00:00,2026-06-15 00:00:00
367,367,55,평범한 절약가,122167,159504,3,61,56,2026-06-15 00:00:00,2026-06-15 00:00:00
368,368,85,짠돌이 대장,16137,197348,18,31,92,2026-06-15 00:00:00,2026-06-15 00:00:00
369,369,81,짠돌이 대장,140048,81514,31,99,36,2026-06-15 00:00:00,2026-06-15 00:00:00
370,370,73,가성비 마스터,54182,139270,16,32,71,2026-06-15 00:00:00,2026-06-15 00:00:00
371,371,64,가성비 마스터,108177,87519,27,49,44,2026-06-15 00:00:00,2026-06-15 00:00:00
372,372,62,가성비 마스터,48860,72369,25,65,59,2026-06-15 00:00:00,2026-06-15 00:00:00
373,373,35,초보 거지,112943,69673,22,70,38,2026-06-15 00:00:00,2026-06-15 00:00:00
374,374,80,짠돌이 대장,25376,128873,24,88,83,2026-06-15 00:00:00,2026-06-15 00:00:00
375,375,96,절약의 신,96034,20679,11,52,17,2026-06-15 00:00:00,2026-06-15 00:00:00
376,376,83,짠돌이 대장,123836,179604,5,75,59,2026-06-15 00:00:00,2026-06-15 00:00:00
377,377,99,절약의 신,34245,59971,9,15,63,2026-06-15 00:00:00,2026-06-15 00:00:00
378,378,59,평범한 절약가,137728,157180,4,68,53,2026-06-15 00:00:00,2026-06-15 00:00:00
379,379,56,평범한 절약가,84514,10988,5,25,11,2026-06-15 00:00:00,2026-06-15 00:00:00
380,380,62,가성비 마스터,107842,85593,26,47,44,2026-06-15 00:00:00,2026-06-15 00:00:00
381,381,42,평범한 절약가,85090,115376,18,65,57,2026-06-15 00:00:00,2026-06-15 00:00:00
382,382,86,알뜰한 살림꾼,25506,87325,6,22,77,2026-06-15 00:00:00,2026-06-15 00:00:00
383,383,66,가성비 마스터,117457,25369,29,36,17,2026-06-15 00:00:00,2026-06-15 00:00:00
384,384,67,가성비 마스터,81051,98023,6,23,54,2026-06-15 00:00:00,2026-06-15 00:00:00
385,385,64,가성비 마스터,53511,194626,17,45,78,2026-06-15 00:00:00,2026-06-15 00:00:00
386,386,55,평범한 절약가,147566,78822,10,35,34,2026-06-15 00:00:00,2026-06-15 00:00:00
387,387,4,아기 거지,11277,62483,27,47,84,2026-06-15 00:00:00,2026-06-15 00:00:00
388,388,80,짠돌이 대장,104195,36614,12,76,26,2026-06-15 00:00:00,2026-06-15 00:00:00
389,389,59,평범한 절약가,145532,98603,29,28,40,2026-06-15 00:00:00,2026-06-15 00:00:00
390,390,70,가성비 마스터,15229,173336,14,63,91,2026-06-15 00:00:00,2026-06-15 00:00:00
391,391,55,평범한 절약가,6292,21006,21,90,76,2026-06-15 00:00:00,2026-06-15 00:00:00
392,392,34,초보 거지,64913,199746,35,64,75,2026-06-15 00:00:00,2026-06-15 00:00:00
393,393,52,평범한 절약가,32173,40642,26,91,55,2026-06-15 00:00:00,2026-06-15 00:00:00
394,394,37,초보 거지,19834,13230,23,38,40,2026-06-15 00:00:00,2026-06-15 00:00:00
395,395,80,짠돌이 대장,79937,78223,27,85,49,2026-06-15 00:00:00,2026-06-15 00:00:00
396,396,68,가성비 마스터,129734,143022,7,20,52,2026-06-15 00:00:00,2026-06-15 00:00:00
397,397,22,초보 거지,116622,146173,34,90,55,2026-06-15 00:00:00,2026-06-15 00:00:00
398,398,67,가성비 마스터,107455,6090,34,27,5,2026-06-15 00:00:00,2026-06-15 00:00:00
399,399,74,가성비 마스터,96978,91618,5,29,48,2026-06-15 00:00:00,2026-06-15 00:00:00
400,400,94,알뜰한 살림꾼,82374,76384,12,72,48,2026-06-15 00:00:00,2026-06-15 00:00:00
401,401,62,가성비 마스터,93859,122225,24,19,56,2026-06-15 00:00:00,2026-06-15 00:00:00
402,402,54,평범한 절약가,77023,110603,1,30,58,2026-06-15 00:00:00,2026-06-15 00:00:00
403,403,100,절약의 신,111398,91192,6,46,45,2026-06-15 00:00:00,2026-06-15 00:00:00
404,404,97,절약의 신,24587,64581,13,52,72,2026-06-15 00:00:00,2026-06-15 00:00:00
405,405,2,아기 거지,51990,152502,21,24,74,2026-06-15 00:00:00,2026-06-15 00:00:00
406,406,1,아기 거지,72371,186527,35,10,72,2026-06-15 00:00:00,2026-06-15 00:00:00
407,407,39,초보 거지,7831,175432,4,15,95,2026-06-15 00:00:00,2026-06-15 00:00:00
408,408,67,가성비 마스터,69493,191331,15,58,73,2026-06-15 00:00:00,2026-06-15 00:00:00
409,409,15,아기 거지,127955,74145,6,15,36,2026-06-15 00:00:00,2026-06-15 00:00:00
410,410,39,초보 거지,73671,67458,2,74,47,2026-06-15 00:00:00,2026-06-15 00:00:00
411,411,10,아기 거지,96763,152340,27,48,61,2026-06-15 00:00:00,2026-06-15 00:00:00
412,412,76,짠돌이 대장,11424,66901,3,56,85,2026-06-15 00:00:00,2026-06-15 00:00:00
413,413,28,초보 거지,25050,2106,11,28,7,2026-06-15 00:00:00,2026-06-15 00:00:00
414,414,97,절약의 신,137225,122949,22,65,47,2026-06-15 00:00:00,2026-06-15 00:00:00
415,415,49,평범한 절약가,46886,164009,26,95,77,2026-06-15 00:00:00,2026-06-15 00:00:00
416,416,93,알뜰한 살림꾼,34715,84873,8,22,70,2026-06-15 00:00:00,2026-06-15 00:00:00
417,417,42,평범한 절약가,142031,115313,14,14,44,2026-06-15 00:00:00,2026-06-15 00:00:00
418,418,28,초보 거지,148005,37152,1,77,20,2026-06-15 00:00:00,2026-06-15 00:00:00
419,419,38,초보 거지,69137,131157,8,73,65,2026-06-15 00:00:00,2026-06-15 00:00:00
420,420,26,초보 거지,90108,152684,10,15,62,2026-06-15 00:00:00,2026-06-15 00:00:00
421,421,63,가성비 마스터,129196,196014,25,52,60,2026-06-15 00:00:00,2026-06-15 00:00:00
422,422,67,가성비 마스터,104053,72518,29,54,41,2026-06-15 00:00:00,2026-06-15 00:00:00
423,423,62,가성비 마스터,130293,29884,34,72,18,2026-06-15 00:00:00,2026-06-15 00:00:00
424,424,79,짠돌이 대장,35878,184463,35,43,83,2026-06-15 00:00:00,2026-06-15 00:00:00
425,425,51,평범한 절약가,3365,180997,35,38,98,2026-06-15 00:00:00,2026-06-15 00:00:00
426,426,32,초보 거지,61497,108659,4,47,63,2026-06-15 00:00:00,2026-06-15 00:00:00
427,427,97,절약의 신,148704,72145,13,61,32,2026-06-15 00:00:00,2026-06-15 00:00:00
428,428,91,알뜰한 살림꾼,45873,82825,8,27,64,2026-06-15 00:00:00,2026-06-15 00:00:00
429,429,91,알뜰한 살림꾼,28489,86606,26,15,75,2026-06-15 00:00:00,2026-06-15 00:00:00
430,430,44,평범한 절약가,92711,168741,34,11,64,2026-06-15 00:00:00,2026-06-15 00:00:00
431,431,11,아기 거지,90240,43988,8,29,32,2026-06-15 00:00:00,2026-06-15 00:00:00
432,432,94,알뜰한 살림꾼,17858,59264,6,92,76,2026-06-15 00:00:00,2026-06-15 00:00:00
433,433,24,초보 거지,26153,167921,13,97,86,2026-06-15 00:00:00,2026-06-15 00:00:00
434,434,29,초보 거지,31669,40245,21,87,55,2026-06-15 00:00:00,2026-06-15 00:00:00
435,435,3,아기 거지,81367,47934,4,29,37,2026-06-15 00:00:00,2026-06-15 00:00:00
436,436,8,아기 거지,109010,134987,34,71,55,2026-06-15 00:00:00,2026-06-15 00:00:00
437,437,24,초보 거지,130387,65888,30,96,33,2026-06-15 00:00:00,2026-06-15 00:00:00
438,438,39,초보 거지,4184,48346,25,73,92,2026-06-15 00:00:00,2026-06-15 00:00:00
439,439,44,평범한 절약가,79893,140288,6,96,63,2026-06-15 00:00:00,2026-06-15 00:00:00
440,440,84,짠돌이 대장,91958,132719,32,74,59,2026-06-15 00:00:00,2026-06-15 00:00:00
441,441,86,알뜰한 살림꾼,85853,54376,18,89,38,2026-06-15 00:00:00,2026-06-15 00:00:00
442,442,81,짠돌이 대장,96843,7090,16,51,6,2026-06-15 00:00:00,2026-06-15 00:00:00
443,443,9,아기 거지,111761,137707,33,96,55,2026-06-15 00:00:00,2026-06-15 00:00:00
444,444,45,평범한 절약가,125087,103809,14,19,45,2026-06-15 00:00:00,2026-06-15 00:00:00
445,445,76,짠돌이 대장,118778,196954,17,15,62,2026-06-15 00:00:00,2026-06-15 00:00:00
446,446,32,초보 거지,105093,178296,1,27,62,2026-06-15 00:00:00,2026-06-15 00:00:00
447,447,20,아기 거지,111550,168878,25,72,60,2026-06-15 00:00:00,2026-06-15 00:00:00
448,448,6,아기 거지,130439,43250,28,79,24,2026-06-15 00:00:00,2026-06-15 00:00:00
449,449,41,평범한 절약가,131608,132649,19,41,50,2026-06-15 00:00:00,2026-06-15 00:00:00
450,450,83,짠돌이 대장,6779,191578,25,87,96,2026-06-15 00:00:00,2026-06-15 00:00:00
451,451,69,가성비 마스터,70522,34309,3,20,32,2026-06-15 00:00:00,2026-06-15 00:00:00
452,452,36,초보 거지,142757,55284,32,33,27,2026-06-15 00:00:00,2026-06-15 00:00:00
453,453,57,평범한 절약가,98921,115812,24,69,53,2026-06-15 00:00:00,2026-06-15 00:00:00
454,454,16,아기 거지,47643,165439,18,56,77,2026-06-15 00:00:00,2026-06-15 00:00:00
455,455,70,가성비 마스터,120493,150486,33,25,55,2026-06-15 00:00:00,2026-06-15 00:00:00
456,456,55,평범한 절약가,20733,63834,6,92,75,2026-06-15 00:00:00,2026-06-15 00:00:00
457,457,36,초보 거지,55421,98287,7,23,63,2026-06-15 00:00:00,2026-06-15 00:00:00
458,458,37,초보 거지,82070,72386,25,51,46,2026-06-15 00:00:00,2026-06-15 00:00:00
459,459,77,짠돌이 대장,141862,181781,32,57,56,2026-06-15 00:00:00,2026-06-15 00:00:00
460,460,96,절약의 신,110246,129847,11,28,54,2026-06-15 00:00:00,2026-06-15 00:00:00
461,461,76,짠돌이 대장,112621,57010,35,14,33,2026-06-15 00:00:00,2026-06-15 00:00:00
462,462,68,가성비 마스터,82463,77597,23,33,48,2026-06-15 00:00:00,2026-06-15 00:00:00
463,463,17,아기 거지,51503,101325,20,36,66,2026-06-15 00:00:00,2026-06-15 00:00:00
464,464,69,가성비 마스터,132838,142365,22,60,51,2026-06-15 00:00:00,2026-06-15 00:00:00
465,465,63,가성비 마스터,71640,56062,15,30,43,2026-06-15 00:00:00,2026-06-15 00:00:00
466,466,27,초보 거지,91675,43709,11,35,32,2026-06-15 00:00:00,2026-06-15 00:00:00
467,467,25,초보 거지,54522,7382,3,45,11,2026-06-15 00:00:00,2026-06-15 00:00:00
468,468,40,초보 거지,140543,151493,23,55,51,2026-06-15 00:00:00,2026-06-15 00:00:00
469,469,84,짠돌이 대장,112544,179631,11,14,61,2026-06-15 00:00:00,2026-06-15 00:00:00
470,470,82,짠돌이 대장,44996,162040,31,46,78,2026-06-15 00:00:00,2026-06-15 00:00:00
471,471,10,아기 거지,57893,143927,15,19,71,2026-06-15 00:00:00,2026-06-15 00:00:00
472,472,61,가성비 마스터,57158,197050,34,48,77,2026-06-15 00:00:00,2026-06-15 00:00:00
473,473,69,가성비 마스터,72340,112985,5,69,60,2026-06-15 00:00:00,2026-06-15 00:00:00
474,474,60,평범한 절약가,69687,181486,9,73,72,2026-06-15 00:00:00,2026-06-15 00:00:00
475,475,36,초보 거지,141238,28999,8,97,17,2026-06-15 00:00:00,2026-06-15 00:00:00
476,476,80,짠돌이 대장,3804,87373,11,16,95,2026-06-15 00:00:00,2026-06-15 00:00:00
477,477,26,초보 거지,127104,151310,23,16,54,2026-06-15 00:00:00,2026-06-15 00:00:00
478,478,64,가성비 마스터,40433,184963,11,62,82,2026-06-15 00:00:00,2026-06-15 00:00:00
479,479,45,평범한 절약가,98216,64645,14,76,39,2026-06-15 00:00:00,2026-06-15 00:00:00
480,480,82,짠돌이 대장,110099,187482,25,30,63,2026-06-15 00:00:00,2026-06-15 00:00:00
481,481,19,아기 거지,5538,99417,1,58,94,2026-06-15 00:00:00,2026-06-15 00:00:00
482,482,34,초보 거지,37376,100842,33,86,72,2026-06-15 00:00:00,2026-06-15 00:00:00
483,483,82,짠돌이 대장,53780,65217,32,35,54,2026-06-15 00:00:00,2026-06-15 00:00:00
484,484,12,아기 거지,8825,92262,27,69,91,2026-06-15 00:00:00,2026-06-15 00:00:00
485,485,92,알뜰한 살림꾼,133183,156605,3,16,54,2026-06-15 00:00:00,2026-06-15 00:00:00
486,486,51,평범한 절약가,141197,51882,24,32,26,2026-06-15 00:00:00,2026-06-15 00:00:00
487,487,93,알뜰한 살림꾼,64144,163693,26,43,71,2026-06-15 00:00:00,2026-06-15 00:00:00
488,488,53,평범한 절약가,78902,48095,1,58,37,2026-06-15 00:00:00,2026-06-15 00:00:00
489,489,21,초보 거지,13782,79472,15,55,85,2026-06-15 00:00:00,2026-06-15 00:00:00
490,490,70,가성비 마스터,60168,58085,5,11,49,2026-06-15 00:00:00,2026-06-15 00:00:00
491,491,80,짠돌이 대장,133949,119023,31,63,47,2026-06-15 00:00:00,2026-06-15 00:00:00
492,492,81,짠돌이 대장,113987,65216,6,38,36,2026-06-15 00:00:00,2026-06-15 00:00:00
493,493,31,초보 거지,136320,20274,18,55,12,2026-06-15 00:00:00,2026-06-15 00:00:00
494,494,80,짠돌이 대장,48109,80721,18,21,62,2026-06-15 00:00:00,2026-06-15 00:00:00
495,495,76,짠돌이 대장,87594,197465,17,26,69,2026-06-15 00:00:00,2026-06-15 00:00:00
496,496,7,아기 거지,99992,98769,27,93,49,2026-06-15 00:00:00,2026-06-15 00:00:00
497,497,65,가성비 마스터,70778,145324,24,32,67,2026-06-15 00:00:00,2026-06-15 00:00:00
498,498,29,초보 거지,13433,45926,28,82,77,2026-06-15 00:00:00,2026-06-15 00:00:00
499,499,24,초보 거지,60084,183191,1,26,75,2026-06-15 00:00:00,2026-06-15 00:00:00
500,500,95,알뜰한 살림꾼,109272,153774,22,39,58,2026-06-15 00:00:00,2026-06-15 00:00:00
501,501,37,초보 거지,3918,29334,25,91,88,2026-06-15 00:00:00,2026-06-15 00:00:00
502,502,91,알뜰한 살림꾼,125321,16588,7,60,11,2026-06-15 00:00:00,2026-06-15 00:00:00
503,503,60,평범한 절약가,39617,174720,18,32,81,2026-06-15 00:00:00,2026-06-15 00:00:00
504,504,26,초보 거지,119659,23573,35,54,16,2026-06-15 00:00:00,2026-06-15 00:00:00
505,505,27,초보 거지,42125,6029,29,61,12,2026-06-15 00:00:00,2026-06-15 00:00:00
506,506,48,평범한 절약가,35536,174249,23,64,83,2026-06-15 00:00:00,2026-06-15 00:00:00
507,507,78,짠돌이 대장,94979,38167,19,79,28,2026-06-15 00:00:00,2026-06-15 00:00:00
508,508,47,평범한 절약가,117185,57978,9,36,33,2026-06-15 00:00:00,2026-06-15 00:00:00
509,509,78,짠돌이 대장,34926,52916,14,53,60,2026-06-15 00:00:00,2026-06-15 00:00:00
510,510,26,초보 거지,93711,196081,33,82,67,2026-06-15 00:00:00,2026-06-15 00:00:00
511,511,51,평범한 절약가,54237,70032,24,63,56,2026-06-15 00:00:00,2026-06-15 00:00:00
512,512,30,초보 거지,22821,125182,13,80,84,2026-06-15 00:00:00,2026-06-15 00:00:00
513,513,19,아기 거지,53859,128734,14,19,70,2026-06-15 00:00:00,2026-06-15 00:00:00
514,514,98,절약의 신,6840,50511,31,65,88,2026-06-15 00:00:00,2026-06-15 00:00:00
515,515,24,초보 거지,106709,138628,34,36,56,2026-06-15 00:00:00,2026-06-15 00:00:00
516,516,41,평범한 절약가,88877,60978,27,68,40,2026-06-15 00:00:00,2026-06-15 00:00:00
517,517,95,알뜰한 살림꾼,106928,118550,9,10,52,2026-06-15 00:00:00,2026-06-15 00:00:00
518,518,41,평범한 절약가,66227,110908,35,41,62,2026-06-15 00:00:00,2026-06-15 00:00:00
519,519,28,초보 거지,122975,184729,18,62,60,2026-06-15 00:00:00,2026-06-15 00:00:00
520,520,85,짠돌이 대장,71552,24939,17,41,25,2026-06-15 00:00:00,2026-06-15 00:00:00
521,521,22,초보 거지,72858,135869,1,75,65,2026-06-15 00:00:00,2026-06-15 00:00:00
522,522,90,알뜰한 살림꾼,8029,25228,15,60,75,2026-06-15 00:00:00,2026-06-15 00:00:00
523,523,33,초보 거지,33785,82189,26,70,70,2026-06-15 00:00:00,2026-06-15 00:00:00
524,524,65,가성비 마스터,100429,85155,1,80,45,2026-06-15 00:00:00,2026-06-15 00:00:00
525,525,44,평범한 절약가,62082,31236,34,38,33,2026-06-15 00:00:00,2026-06-15 00:00:00
526,526,10,아기 거지,140434,143146,7,41,50,2026-06-15 00:00:00,2026-06-15 00:00:00
527,527,51,평범한 절약가,60760,101183,17,11,62,2026-06-15 00:00:00,2026-06-15 00:00:00
528,528,62,가성비 마스터,120599,59852,15,72,33,2026-06-15 00:00:00,2026-06-15 00:00:00
529,529,79,짠돌이 대장,18782,80611,14,34,81,2026-06-15 00:00:00,2026-06-15 00:00:00
530,530,20,아기 거지,132017,47455,22,48,26,2026-06-15 00:00:00,2026-06-15 00:00:00
531,531,100,절약의 신,109469,12221,20,43,10,2026-06-15 00:00:00,2026-06-15 00:00:00
532,532,42,평범한 절약가,45048,19092,9,40,29,2026-06-15 00:00:00,2026-06-15 00:00:00
533,533,2,아기 거지,13266,76500,28,30,85,2026-06-15 00:00:00,2026-06-15 00:00:00
534,534,65,가성비 마스터,59890,191735,33,73,76,2026-06-15 00:00:00,2026-06-15 00:00:00
535,535,18,아기 거지,28814,103266,23,30,78,2026-06-15 00:00:00,2026-06-15 00:00:00
536,536,63,가성비 마스터,59686,127223,15,82,68,2026-06-15 00:00:00,2026-06-15 00:00:00
537,537,70,가성비 마스터,33388,95326,29,24,74,2026-06-15 00:00:00,2026-06-15 00:00:00
538,538,82,짠돌이 대장,125130,50525,8,83,28,2026-06-15 00:00:00,2026-06-15 00:00:00
539,539,62,가성비 마스터,46463,160564,3,83,77,2026-06-15 00:00:00,2026-06-15 00:00:00
540,540,61,가성비 마스터,113816,79180,34,51,41,2026-06-15 00:00:00,2026-06-15 00:00:00
541,541,89,알뜰한 살림꾼,112482,87455,30,85,43,2026-06-15 00:00:00,2026-06-15 00:00:00
542,542,19,아기 거지,39936,132306,20,66,76,2026-06-15 00:00:00,2026-06-15 00:00:00
543,543,98,절약의 신,37752,116896,2,56,75,2026-06-15 00:00:00,2026-06-15 00:00:00
544,544,19,아기 거지,30239,72030,23,96,70,2026-06-15 00:00:00,2026-06-15 00:00:00
545,545,11,아기 거지,88474,33636,15,96,27,2026-06-15 00:00:00,2026-06-15 00:00:00
546,546,54,평범한 절약가,106096,74405,33,91,41,2026-06-15 00:00:00,2026-06-15 00:00:00
547,547,88,알뜰한 살림꾼,36125,95791,29,58,72,2026-06-15 00:00:00,2026-06-15 00:00:00
548,548,26,초보 거지,97748,148110,7,87,60,2026-06-15 00:00:00,2026-06-15 00:00:00
549,549,1,아기 거지,110939,86245,9,45,43,2026-06-15 00:00:00,2026-06-15 00:00:00
550,550,54,평범한 절약가,122769,54084,25,82,30,2026-06-15 00:00:00,2026-06-15 00:00:00
551,551,88,알뜰한 살림꾼,132901,106051,15,94,44,2026-06-15 00:00:00,2026-06-15 00:00:00
552,552,5,아기 거지,3651,105849,29,91,96,2026-06-15 00:00:00,2026-06-15 00:00:00
553,553,10,아기 거지,108896,129767,26,68,54,2026-06-15 00:00:00,2026-06-15 00:00:00
554,554,99,절약의 신,7508,191082,2,48,96,2026-06-15 00:00:00,2026-06-15 00:00:00
555,555,95,알뜰한 살림꾼,51479,18720,1,80,26,2026-06-15 00:00:00,2026-06-15 00:00:00
556,556,15,아기 거지,34003,122399,2,55,78,2026-06-15 00:00:00,2026-06-15 00:00:00
557,557,43,평범한 절약가,47968,11341,3,33,19,2026-06-15 00:00:00,2026-06-15 00:00:00
558,558,41,평범한 절약가,121913,73901,3,55,37,2026-06-15 00:00:00,2026-06-15 00:00:00
559,559,26,초보 거지,145509,86503,1,28,37,2026-06-15 00:00:00,2026-06-15 00:00:00
560,560,77,짠돌이 대장,129999,184862,21,11,58,2026-06-15 00:00:00,2026-06-15 00:00:00
561,561,50,평범한 절약가,104975,105814,16,42,50,2026-06-15 00:00:00,2026-06-15 00:00:00
562,562,54,평범한 절약가,65445,136939,18,60,67,2026-06-15 00:00:00,2026-06-15 00:00:00
563,563,48,평범한 절약가,101620,2700,3,71,2,2026-06-15 00:00:00,2026-06-15 00:00:00
564,564,21,초보 거지,120389,94204,12,79,43,2026-06-15 00:00:00,2026-06-15 00:00:00
565,565,22,초보 거지,98753,142517,8,79,59,2026-06-15 00:00:00,2026-06-15 00:00:00
566,566,30,초보 거지,53581,173358,10,84,76,2026-06-15 00:00:00,2026-06-15 00:00:00
567,567,51,평범한 절약가,82768,138961,33,57,62,2026-06-15 00:00:00,2026-06-15 00:00:00
568,568,81,짠돌이 대장,87673,72282,8,92,45,2026-06-15 00:00:00,2026-06-15 00:00:00
569,569,1,아기 거지,130310,61291,10,89,31,2026-06-15 00:00:00,2026-06-15 00:00:00
570,570,24,초보 거지,138985,26417,34,95,15,2026-06-15 00:00:00,2026-06-15 00:00:00
571,571,93,알뜰한 살림꾼,58165,175605,27,22,75,2026-06-15 00:00:00,2026-06-15 00:00:00
572,572,26,초보 거지,130376,61089,21,85,31,2026-06-15 00:00:00,2026-06-15 00:00:00
573,573,30,초보 거지,71110,160873,8,55,69,2026-06-15 00:00:00,2026-06-15 00:00:00
574,574,86,알뜰한 살림꾼,80575,184938,17,96,69,2026-06-15 00:00:00,2026-06-15 00:00:00
575,575,49,평범한 절약가,93562,30448,21,71,24,2026-06-15 00:00:00,2026-06-15 00:00:00
576,576,8,아기 거지,17689,10126,6,12,36,2026-06-15 00:00:00,2026-06-15 00:00:00
577,577,59,평범한 절약가,77569,39221,33,87,33,2026-06-15 00:00:00,2026-06-15 00:00:00
578,578,17,아기 거지,88752,104859,19,93,54,2026-06-15 00:00:00,2026-06-15 00:00:00
579,579,82,짠돌이 대장,102491,170492,1,29,62,2026-06-15 00:00:00,2026-06-15 00:00:00
580,580,74,가성비 마스터,36916,16776,19,13,31,2026-06-15 00:00:00,2026-06-15 00:00:00
581,581,17,아기 거지,67771,84874,28,80,55,2026-06-15 00:00:00,2026-06-15 00:00:00
582,582,28,초보 거지,143823,71849,25,78,33,2026-06-15 00:00:00,2026-06-15 00:00:00
583,583,29,초보 거지,72225,120723,6,38,62,2026-06-15 00:00:00,2026-06-15 00:00:00
584,584,97,절약의 신,67990,133167,20,15,66,2026-06-15 00:00:00,2026-06-15 00:00:00
585,585,40,초보 거지,143271,156944,20,23,52,2026-06-15 00:00:00,2026-06-15 00:00:00
586,586,82,짠돌이 대장,116062,59265,2,14,33,2026-06-15 00:00:00,2026-06-15 00:00:00
587,587,80,짠돌이 대장,68637,71594,12,58,51,2026-06-15 00:00:00,2026-06-15 00:00:00
588,588,53,평범한 절약가,85613,10831,22,28,11,2026-06-15 00:00:00,2026-06-15 00:00:00
589,589,49,평범한 절약가,73741,185430,4,19,71,2026-06-15 00:00:00,2026-06-15 00:00:00
590,590,84,짠돌이 대장,75167,153256,12,17,67,2026-06-15 00:00:00,2026-06-15 00:00:00
591,591,22,초보 거지,54383,7916,28,92,12,2026-06-15 00:00:00,2026-06-15 00:00:00
592,592,89,알뜰한 살림꾼,64157,97327,1,90,60,2026-06-15 00:00:00,2026-06-15 00:00:00
593,593,46,평범한 절약가,5056,117380,31,48,95,2026-06-15 00:00:00,2026-06-15 00:00:00
594,594,4,아기 거지,61936,126634,9,34,67,2026-06-15 00:00:00,2026-06-15 00:00:00
595,595,24,초보 거지,79284,131881,30,79,62,2026-06-15 00:00:00,2026-06-15 00:00:00
596,596,31,초보 거지,9501,120685,4,50,92,2026-06-15 00:00:00,2026-06-15 00:00:00
597,597,26,초보 거지,146943,110555,7,81,42,2026-06-15 00:00:00,2026-06-15 00:00:00
598,598,20,아기 거지,84639,153230,15,27,64,2026-06-15 00:00:00,2026-06-15 00:00:00
599,599,83,짠돌이 대장,18189,77464,17,72,80,2026-06-15 00:00:00,2026-06-15 00:00:00
600,600,9,아기 거지,24843,173961,19,26,87,2026-06-15 00:00:00,2026-06-15 00:00:00
601,601,70,가성비 마스터,125796,64659,29,35,33,2026-06-15 00:00:00,2026-06-15 00:00:00
602,602,91,알뜰한 살림꾼,105110,57292,35,38,35,2026-06-15 00:00:00,2026-06-15 00:00:00
603,603,8,아기 거지,122357,58144,23,59,32,2026-06-15 00:00:00,2026-06-15 00:00:00
604,604,15,아기 거지,121932,85846,5,50,41,2026-06-15 00:00:00,2026-06-15 00:00:00
605,605,89,알뜰한 살림꾼,43360,118088,27,41,73,2026-06-15 00:00:00,2026-06-15 00:00:00
606,606,59,평범한 절약가,34411,91751,23,27,72,2026-06-15 00:00:00,2026-06-15 00:00:00
607,607,19,아기 거지,65103,195818,19,50,75,2026-06-15 00:00:00,2026-06-15 00:00:00
608,608,62,가성비 마스터,141869,97083,5,97,40,2026-06-15 00:00:00,2026-06-15 00:00:00
609,609,67,가성비 마스터,42492,153227,7,63,78,2026-06-15 00:00:00,2026-06-15 00:00:00
610,610,39,초보 거지,148068,167561,30,93,53,2026-06-15 00:00:00,2026-06-15 00:00:00
611,611,90,알뜰한 살림꾼,43844,160195,19,73,78,2026-06-15 00:00:00,2026-06-15 00:00:00
612,612,42,평범한 절약가,6919,47940,7,60,87,2026-06-15 00:00:00,2026-06-15 00:00:00
613,613,57,평범한 절약가,38228,66320,2,87,63,2026-06-15 00:00:00,2026-06-15 00:00:00
614,614,27,초보 거지,83839,39412,24,19,31,2026-06-15 00:00:00,2026-06-15 00:00:00
615,615,73,가성비 마스터,95770,111570,21,67,53,2026-06-15 00:00:00,2026-06-15 00:00:00
616,616,45,평범한 절약가,30194,166988,23,62,84,2026-06-15 00:00:00,2026-06-15 00:00:00
617,617,64,가성비 마스터,66095,90019,1,74,57,2026-06-15 00:00:00,2026-06-15 00:00:00
618,618,25,초보 거지,101178,112735,23,58,52,2026-06-15 00:00:00,2026-06-15 00:00:00
619,619,53,평범한 절약가,96177,128479,26,50,57,2026-06-15 00:00:00,2026-06-15 00:00:00
620,620,42,평범한 절약가,123917,40132,34,81,24,2026-06-15 00:00:00,2026-06-15 00:00:00
621,621,42,평범한 절약가,13638,77648,3,23,85,2026-06-15 00:00:00,2026-06-15 00:00:00
622,622,66,가성비 마스터,59766,70182,18,58,54,2026-06-15 00:00:00,2026-06-15 00:00:00
623,623,67,가성비 마스터,92953,19037,30,17,17,2026-06-15 00:00:00,2026-06-15 00:00:00
624,624,7,아기 거지,45330,188303,12,89,80,2026-06-15 00:00:00,2026-06-15 00:00:00
625,625,16,아기 거지,113726,15142,23,62,11,2026-06-15 00:00:00,2026-06-15 00:00:00
626,626,34,초보 거지,89672,157006,12,61,63,2026-06-15 00:00:00,2026-06-15 00:00:00
627,627,43,평범한 절약가,134137,135744,14,21,50,2026-06-15 00:00:00,2026-06-15 00:00:00
628,628,27,초보 거지,110268,76045,28,41,40,2026-06-15 00:00:00,2026-06-15 00:00:00
629,629,99,절약의 신,79644,143709,15,88,64,2026-06-15 00:00:00,2026-06-15 00:00:00
630,630,78,짠돌이 대장,65946,190072,35,39,74,2026-06-15 00:00:00,2026-06-15 00:00:00
631,631,29,초보 거지,145566,52481,11,36,26,2026-06-15 00:00:00,2026-06-15 00:00:00
632,632,19,아기 거지,18967,161744,5,56,89,2026-06-15 00:00:00,2026-06-15 00:00:00
633,633,28,초보 거지,58029,62451,9,37,51,2026-06-15 00:00:00,2026-06-15 00:00:00
634,634,14,아기 거지,55257,146933,26,35,72,2026-06-15 00:00:00,2026-06-15 00:00:00
635,635,58,평범한 절약가,112234,2353,2,86,2,2026-06-15 00:00:00,2026-06-15 00:00:00
636,636,35,초보 거지,124386,145088,5,89,53,2026-06-15 00:00:00,2026-06-15 00:00:00
637,637,56,평범한 절약가,123542,13444,26,98,9,2026-06-15 00:00:00,2026-06-15 00:00:00
638,638,49,평범한 절약가,81215,104256,32,46,56,2026-06-15 00:00:00,2026-06-15 00:00:00
639,639,46,평범한 절약가,149656,183628,22,34,55,2026-06-15 00:00:00,2026-06-15 00:00:00
640,640,84,짠돌이 대장,50418,94511,9,13,65,2026-06-15 00:00:00,2026-06-15 00:00:00
641,641,49,평범한 절약가,135990,19309,11,74,12,2026-06-15 00:00:00,2026-06-15 00:00:00
642,642,38,초보 거지,129780,106057,30,13,44,2026-06-15 00:00:00,2026-06-15 00:00:00
643,643,28,초보 거지,79415,155148,11,65,66,2026-06-15 00:00:00,2026-06-15 00:00:00
644,644,43,평범한 절약가,21705,29400,31,35,57,2026-06-15 00:00:00,2026-06-15 00:00:00
645,645,26,초보 거지,139545,28886,9,50,17,2026-06-15 00:00:00,2026-06-15 00:00:00
646,646,30,초보 거지,100013,154774,29,30,60,2026-06-15 00:00:00,2026-06-15 00:00:00
647,647,59,평범한 절약가,105950,6295,20,50,5,2026-06-15 00:00:00,2026-06-15 00:00:00
648,648,59,평범한 절약가,93331,137862,8,39,59,2026-06-15 00:00:00,2026-06-15 00:00:00
649,649,3,아기 거지,133090,21439,18,23,13,2026-06-15 00:00:00,2026-06-15 00:00:00
650,650,6,아기 거지,77217,48136,12,32,38,2026-06-15 00:00:00,2026-06-15 00:00:00
651,651,25,초보 거지,7631,172515,29,29,95,2026-06-15 00:00:00,2026-06-15 00:00:00
652,652,97,절약의 신,93661,184830,26,12,66,2026-06-15 00:00:00,2026-06-15 00:00:00
653,653,39,초보 거지,5831,107819,17,87,94,2026-06-15 00:00:00,2026-06-15 00:00:00
654,654,42,평범한 절약가,142945,172627,33,99,54,2026-06-15 00:00:00,2026-06-15 00:00:00
655,655,61,가성비 마스터,147984,47513,20,16,24,2026-06-15 00:00:00,2026-06-15 00:00:00
656,656,23,초보 거지,119453,153818,14,96,56,2026-06-15 00:00:00,2026-06-15 00:00:00
657,657,45,평범한 절약가,74327,100551,10,48,57,2026-06-15 00:00:00,2026-06-15 00:00:00
658,658,23,초보 거지,42460,191109,2,50,81,2026-06-15 00:00:00,2026-06-15 00:00:00
659,659,2,아기 거지,22535,154821,25,15,87,2026-06-15 00:00:00,2026-06-15 00:00:00
660,660,35,초보 거지,141266,160204,14,10,53,2026-06-15 00:00:00,2026-06-15 00:00:00
661,661,1,아기 거지,106348,117139,23,89,52,2026-06-15 00:00:00,2026-06-15 00:00:00
662,662,77,짠돌이 대장,70335,132760,23,80,65,2026-06-15 00:00:00,2026-06-15 00:00:00
663,663,86,알뜰한 살림꾼,45297,44600,1,22,49,2026-06-15 00:00:00,2026-06-15 00:00:00
664,664,97,절약의 신,120442,194766,4,82,61,2026-06-15 00:00:00,2026-06-15 00:00:00
665,665,36,초보 거지,95221,65150,17,66,40,2026-06-15 00:00:00,2026-06-15 00:00:00
666,666,35,초보 거지,41492,171497,25,61,80,2026-06-15 00:00:00,2026-06-15 00:00:00
667,667,54,평범한 절약가,78415,34015,11,80,30,2026-06-15 00:00:00,2026-06-15 00:00:00
668,668,53,평범한 절약가,24656,188772,32,87,88,2026-06-15 00:00:00,2026-06-15 00:00:00
669,669,65,가성비 마스터,138455,13704,4,29,9,2026-06-15 00:00:00,2026-06-15 00:00:00
670,670,20,아기 거지,139618,28771,13,74,17,2026-06-15 00:00:00,2026-06-15 00:00:00
671,671,55,평범한 절약가,80557,33125,23,38,29,2026-06-15 00:00:00,2026-06-15 00:00:00
672,672,61,가성비 마스터,107649,172286,21,65,61,2026-06-15 00:00:00,2026-06-15 00:00:00
673,673,86,알뜰한 살림꾼,3123,164963,23,86,98,2026-06-15 00:00:00,2026-06-15 00:00:00
674,674,7,아기 거지,62453,152402,34,37,70,2026-06-15 00:00:00,2026-06-15 00:00:00
675,675,21,초보 거지,60005,137382,19,40,69,2026-06-15 00:00:00,2026-06-15 00:00:00
676,676,90,알뜰한 살림꾼,37864,12084,27,67,24,2026-06-15 00:00:00,2026-06-15 00:00:00
677,677,82,짠돌이 대장,130770,85712,9,50,39,2026-06-15 00:00:00,2026-06-15 00:00:00
678,678,64,가성비 마스터,104056,106449,31,44,50,2026-06-15 00:00:00,2026-06-15 00:00:00
679,679,33,초보 거지,92726,65318,2,81,41,2026-06-15 00:00:00,2026-06-15 00:00:00
680,680,55,평범한 절약가,147613,165638,18,40,52,2026-06-15 00:00:00,2026-06-15 00:00:00
681,681,42,평범한 절약가,102909,59770,8,13,36,2026-06-15 00:00:00,2026-06-15 00:00:00
682,682,85,짠돌이 대장,123448,139970,12,59,53,2026-06-15 00:00:00,2026-06-15 00:00:00
683,683,23,초보 거지,7420,37520,16,55,83,2026-06-15 00:00:00,2026-06-15 00:00:00
684,684,18,아기 거지,109597,60132,18,44,35,2026-06-15 00:00:00,2026-06-15 00:00:00
685,685,70,가성비 마스터,4248,75781,1,60,94,2026-06-15 00:00:00,2026-06-15 00:00:00
686,686,54,평범한 절약가,32198,152769,10,89,82,2026-06-15 00:00:00,2026-06-15 00:00:00
687,687,90,알뜰한 살림꾼,57660,135680,6,72,70,2026-06-15 00:00:00,2026-06-15 00:00:00
688,688,56,평범한 절약가,99022,36273,9,13,26,2026-06-15 00:00:00,2026-06-15 00:00:00
689,689,79,짠돌이 대장,83813,160402,10,19,65,2026-06-15 00:00:00,2026-06-15 00:00:00
690,690,66,가성비 마스터,31622,40666,30,24,56,2026-06-15 00:00:00,2026-06-15 00:00:00
691,691,59,평범한 절약가,87439,81756,33,32,48,2026-06-15 00:00:00,2026-06-15 00:00:00
692,692,18,아기 거지,33165,54219,10,19,62,2026-06-15 00:00:00,2026-06-15 00:00:00
693,693,89,알뜰한 살림꾼,109282,197210,14,11,64,2026-06-15 00:00:00,2026-06-15 00:00:00
694,694,20,아기 거지,49138,72438,31,53,59,2026-06-15 00:00:00,2026-06-15 00:00:00
695,695,31,초보 거지,105905,43889,31,73,29,2026-06-15 00:00:00,2026-06-15 00:00:00
696,696,51,평범한 절약가,42983,77207,11,16,64,2026-06-15 00:00:00,2026-06-15 00:00:00
697,697,52,평범한 절약가,69726,56801,9,15,44,2026-06-15 00:00:00,2026-06-15 00:00:00
698,698,45,평범한 절약가,25468,186055,2,49,87,2026-06-15 00:00:00,2026-06-15 00:00:00
699,699,59,평범한 절약가,93972,143624,6,77,60,2026-06-15 00:00:00,2026-06-15 00:00:00
700,700,40,초보 거지,33078,148050,1,46,81,2026-06-15 00:00:00,2026-06-15 00:00:00
701,701,46,평범한 절약가,105742,147428,26,25,58,2026-06-15 00:00:00,2026-06-15 00:00:00
702,702,37,초보 거지,83239,179745,10,76,68,2026-06-15 00:00:00,2026-06-15 00:00:00
703,703,91,알뜰한 살림꾼,18518,199103,34,18,91,2026-06-15 00:00:00,2026-06-15 00:00:00
704,704,74,가성비 마스터,120841,9298,17,76,7,2026-06-15 00:00:00,2026-06-15 00:00:00
705,705,58,평범한 절약가,51816,75779,12,50,59,2026-06-15 00:00:00,2026-06-15 00:00:00
706,706,16,아기 거지,6424,66095,22,16,91,2026-06-15 00:00:00,2026-06-15 00:00:00
707,707,14,아기 거지,47594,152423,3,20,76,2026-06-15 00:00:00,2026-06-15 00:00:00
708,708,70,가성비 마스터,109570,175649,17,65,61,2026-06-15 00:00:00,2026-06-15 00:00:00
709,709,1,아기 거지,50495,88369,12,31,63,2026-06-15 00:00:00,2026-06-15 00:00:00
710,710,83,짠돌이 대장,111000,87431,18,23,44,2026-06-15 00:00:00,2026-06-15 00:00:00
711,711,83,짠돌이 대장,138825,136670,14,14,49,2026-06-15 00:00:00,2026-06-15 00:00:00
712,712,82,짠돌이 대장,63308,67349,26,92,51,2026-06-15 00:00:00,2026-06-15 00:00:00
713,713,90,알뜰한 살림꾼,145701,163566,24,84,52,2026-06-15 00:00:00,2026-06-15 00:00:00
714,714,37,초보 거지,26353,58269,5,78,68,2026-06-15 00:00:00,2026-06-15 00:00:00
715,715,74,가성비 마스터,125934,75620,29,94,37,2026-06-15 00:00:00,2026-06-15 00:00:00
716,716,75,가성비 마스터,17400,60673,31,48,77,2026-06-15 00:00:00,2026-06-15 00:00:00
717,717,28,초보 거지,143173,29615,10,69,17,2026-06-15 00:00:00,2026-06-15 00:00:00
718,718,45,평범한 절약가,127144,8976,2,15,6,2026-06-15 00:00:00,2026-06-15 00:00:00
719,719,28,초보 거지,12203,165158,31,91,93,2026-06-15 00:00:00,2026-06-15 00:00:00
720,720,55,평범한 절약가,76786,145683,34,72,65,2026-06-15 00:00:00,2026-06-15 00:00:00
721,721,3,아기 거지,10756,88281,4,57,89,2026-06-15 00:00:00,2026-06-15 00:00:00
722,722,30,초보 거지,49025,95821,15,81,66,2026-06-15 00:00:00,2026-06-15 00:00:00
723,723,11,아기 거지,5179,54596,31,98,91,2026-06-15 00:00:00,2026-06-15 00:00:00
724,724,97,절약의 신,134696,127991,4,68,48,2026-06-15 00:00:00,2026-06-15 00:00:00
725,725,86,알뜰한 살림꾼,19736,58505,19,47,74,2026-06-15 00:00:00,2026-06-15 00:00:00
726,726,90,알뜰한 살림꾼,80626,121918,4,55,60,2026-06-15 00:00:00,2026-06-15 00:00:00
727,727,37,초보 거지,73297,162389,15,45,68,2026-06-15 00:00:00,2026-06-15 00:00:00
728,728,55,평범한 절약가,72204,23237,27,83,24,2026-06-15 00:00:00,2026-06-15 00:00:00
729,729,41,평범한 절약가,109112,80062,32,19,42,2026-06-15 00:00:00,2026-06-15 00:00:00
730,730,28,초보 거지,4785,139827,8,41,96,2026-06-15 00:00:00,2026-06-15 00:00:00
731,731,40,초보 거지,99992,177701,24,31,63,2026-06-15 00:00:00,2026-06-15 00:00:00
732,732,65,가성비 마스터,6632,142529,25,87,95,2026-06-15 00:00:00,2026-06-15 00:00:00
733,733,64,가성비 마스터,30390,122185,31,23,80,2026-06-15 00:00:00,2026-06-15 00:00:00
734,734,73,가성비 마스터,33646,127269,5,41,79,2026-06-15 00:00:00,2026-06-15 00:00:00
735,735,77,짠돌이 대장,137282,39261,19,58,22,2026-06-15 00:00:00,2026-06-15 00:00:00
736,736,42,평범한 절약가,41765,175981,30,87,80,2026-06-15 00:00:00,2026-06-15 00:00:00
737,737,4,아기 거지,133545,57530,8,74,30,2026-06-15 00:00:00,2026-06-15 00:00:00
738,738,72,가성비 마스터,47218,84643,19,25,64,2026-06-15 00:00:00,2026-06-15 00:00:00
739,739,48,평범한 절약가,93149,196234,6,19,67,2026-06-15 00:00:00,2026-06-15 00:00:00
740,740,89,알뜰한 살림꾼,40174,29558,19,85,42,2026-06-15 00:00:00,2026-06-15 00:00:00
741,741,50,평범한 절약가,136002,2323,14,52,1,2026-06-15 00:00:00,2026-06-15 00:00:00
742,742,20,아기 거지,149716,124342,5,59,45,2026-06-15 00:00:00,2026-06-15 00:00:00
743,743,92,알뜰한 살림꾼,25109,6632,6,89,20,2026-06-15 00:00:00,2026-06-15 00:00:00
744,744,45,평범한 절약가,136314,138514,34,52,50,2026-06-15 00:00:00,2026-06-15 00:00:00
745,745,93,알뜰한 살림꾼,55346,195567,16,72,77,2026-06-15 00:00:00,2026-06-15 00:00:00
746,746,4,아기 거지,88513,79372,19,32,47,2026-06-15 00:00:00,2026-06-15 00:00:00
747,747,7,아기 거지,101565,106430,19,54,51,2026-06-15 00:00:00,2026-06-15 00:00:00
748,748,84,짠돌이 대장,57346,58930,7,69,50,2026-06-15 00:00:00,2026-06-15 00:00:00
749,749,49,평범한 절약가,72630,139013,29,47,65,2026-06-15 00:00:00,2026-06-15 00:00:00
750,750,56,평범한 절약가,111568,137696,7,26,55,2026-06-15 00:00:00,2026-06-15 00:00:00
751,751,39,초보 거지,108268,80611,34,20,42,2026-06-15 00:00:00,2026-06-15 00:00:00
752,752,5,아기 거지,142736,155335,25,50,52,2026-06-15 00:00:00,2026-06-15 00:00:00
753,753,70,가성비 마스터,82492,171656,30,94,67,2026-06-15 00:00:00,2026-06-15 00:00:00
754,754,56,평범한 절약가,94005,19113,10,31,16,2026-06-15 00:00:00,2026-06-15 00:00:00
755,755,24,초보 거지,113147,59747,3,93,34,2026-06-15 00:00:00,2026-06-15 00:00:00
756,756,36,초보 거지,17444,12492,21,56,41,2026-06-15 00:00:00,2026-06-15 00:00:00
757,757,52,평범한 절약가,85783,11479,12,82,11,2026-06-15 00:00:00,2026-06-15 00:00:00
758,758,70,가성비 마스터,18490,195918,35,95,91,2026-06-15 00:00:00,2026-06-15 00:00:00
759,759,18,아기 거지,94251,186271,28,59,66,2026-06-15 00:00:00,2026-06-15 00:00:00
760,760,16,아기 거지,123835,16351,29,61,11,2026-06-15 00:00:00,2026-06-15 00:00:00
761,761,45,평범한 절약가,24439,175021,31,69,87,2026-06-15 00:00:00,2026-06-15 00:00:00
762,762,84,짠돌이 대장,96832,76191,24,21,44,2026-06-15 00:00:00,2026-06-15 00:00:00
763,763,94,알뜰한 살림꾼,122002,36297,1,66,22,2026-06-15 00:00:00,2026-06-15 00:00:00
764,764,45,평범한 절약가,80248,67794,29,19,45,2026-06-15 00:00:00,2026-06-15 00:00:00
765,765,1,아기 거지,97122,13248,21,58,12,2026-06-15 00:00:00,2026-06-15 00:00:00
766,766,49,평범한 절약가,58613,156603,30,80,72,2026-06-15 00:00:00,2026-06-15 00:00:00
767,767,65,가성비 마스터,51624,151705,17,96,74,2026-06-15 00:00:00,2026-06-15 00:00:00
768,768,84,짠돌이 대장,149316,180713,5,14,54,2026-06-15 00:00:00,2026-06-15 00:00:00
769,769,3,아기 거지,15936,29751,22,65,65,2026-06-15 00:00:00,2026-06-15 00:00:00
770,770,78,짠돌이 대장,127521,105405,28,67,45,2026-06-15 00:00:00,2026-06-15 00:00:00
771,771,18,아기 거지,36298,44222,11,99,54,2026-06-15 00:00:00,2026-06-15 00:00:00
772,772,55,평범한 절약가,73442,62963,17,30,46,2026-06-15 00:00:00,2026-06-15 00:00:00
773,773,65,가성비 마스터,22795,185245,34,34,89,2026-06-15 00:00:00,2026-06-15 00:00:00
774,774,64,가성비 마스터,55140,55773,1,37,50,2026-06-15 00:00:00,2026-06-15 00:00:00
775,775,80,짠돌이 대장,110253,89767,34,87,44,2026-06-15 00:00:00,2026-06-15 00:00:00
776,776,6,아기 거지,138063,119838,15,19,46,2026-06-15 00:00:00,2026-06-15 00:00:00
777,777,74,가성비 마스터,118509,42403,30,87,26,2026-06-15 00:00:00,2026-06-15 00:00:00
778,778,75,가성비 마스터,38747,58481,14,23,60,2026-06-15 00:00:00,2026-06-15 00:00:00
779,779,75,가성비 마스터,127808,159376,20,74,55,2026-06-15 00:00:00,2026-06-15 00:00:00
780,780,62,가성비 마스터,101240,89980,15,91,47,2026-06-15 00:00:00,2026-06-15 00:00:00
781,781,85,짠돌이 대장,149346,176859,6,39,54,2026-06-15 00:00:00,2026-06-15 00:00:00
782,782,9,아기 거지,107014,137063,11,67,56,2026-06-15 00:00:00,2026-06-15 00:00:00
783,783,98,절약의 신,38973,76008,25,20,66,2026-06-15 00:00:00,2026-06-15 00:00:00
784,784,52,평범한 절약가,57867,15463,21,43,21,2026-06-15 00:00:00,2026-06-15 00:00:00
785,785,83,짠돌이 대장,115288,182701,24,40,61,2026-06-15 00:00:00,2026-06-15 00:00:00
786,786,37,초보 거지,85791,159813,18,91,65,2026-06-15 00:00:00,2026-06-15 00:00:00
787,787,12,아기 거지,16023,3631,11,48,18,2026-06-15 00:00:00,2026-06-15 00:00:00
788,788,79,짠돌이 대장,50111,172719,2,17,77,2026-06-15 00:00:00,2026-06-15 00:00:00
789,789,78,짠돌이 대장,27575,170100,3,62,86,2026-06-15 00:00:00,2026-06-15 00:00:00
790,790,9,아기 거지,32373,186861,11,13,85,2026-06-15 00:00:00,2026-06-15 00:00:00
791,791,92,알뜰한 살림꾼,110572,59031,22,95,34,2026-06-15 00:00:00,2026-06-15 00:00:00
792,792,49,평범한 절약가,12837,93674,21,17,87,2026-06-15 00:00:00,2026-06-15 00:00:00
793,793,12,아기 거지,127644,136628,21,26,51,2026-06-15 00:00:00,2026-06-15 00:00:00
794,794,76,짠돌이 대장,113449,91477,28,22,44,2026-06-15 00:00:00,2026-06-15 00:00:00
795,795,49,평범한 절약가,99535,30630,24,17,23,2026-06-15 00:00:00,2026-06-15 00:00:00
796,796,80,짠돌이 대장,143092,134613,6,48,48,2026-06-15 00:00:00,2026-06-15 00:00:00
797,797,27,초보 거지,142584,146558,21,79,50,2026-06-15 00:00:00,2026-06-15 00:00:00
798,798,75,가성비 마스터,60258,88237,6,65,59,2026-06-15 00:00:00,2026-06-15 00:00:00
799,799,27,초보 거지,69022,169502,33,35,71,2026-06-15 00:00:00,2026-06-15 00:00:00
800,800,27,초보 거지,3066,120376,31,22,97,2026-06-15 00:00:00,2026-06-15 00:00:00
801,801,86,알뜰한 살림꾼,60911,43485,10,39,41,2026-06-15 00:00:00,2026-06-15 00:00:00
802,802,92,알뜰한 살림꾼,84921,100742,18,12,54,2026-06-15 00:00:00,2026-06-15 00:00:00
803,803,33,초보 거지,37032,6266,8,92,14,2026-06-15 00:00:00,2026-06-15 00:00:00
804,804,30,초보 거지,32601,23289,32,32,41,2026-06-15 00:00:00,2026-06-15 00:00:00
805,805,97,절약의 신,7327,26467,13,84,78,2026-06-15 00:00:00,2026-06-15 00:00:00
806,806,68,가성비 마스터,16818,105598,13,52,86,2026-06-15 00:00:00,2026-06-15 00:00:00
807,807,22,초보 거지,30171,20679,16,67,40,2026-06-15 00:00:00,2026-06-15 00:00:00
808,808,33,초보 거지,32474,155005,29,91,82,2026-06-15 00:00:00,2026-06-15 00:00:00
809,809,94,알뜰한 살림꾼,87014,103272,6,81,54,2026-06-15 00:00:00,2026-06-15 00:00:00
810,810,10,아기 거지,95150,110226,24,10,53,2026-06-15 00:00:00,2026-06-15 00:00:00
811,811,16,아기 거지,136781,78592,23,52,36,2026-06-15 00:00:00,2026-06-15 00:00:00
812,812,26,초보 거지,51706,60608,29,12,53,2026-06-15 00:00:00,2026-06-15 00:00:00
813,813,86,알뜰한 살림꾼,96330,55976,4,36,36,2026-06-15 00:00:00,2026-06-15 00:00:00
814,814,85,짠돌이 대장,72802,71349,22,44,49,2026-06-15 00:00:00,2026-06-15 00:00:00
815,815,22,초보 거지,5384,199122,30,11,97,2026-06-15 00:00:00,2026-06-15 00:00:00
816,816,63,가성비 마스터,106963,48727,11,41,31,2026-06-15 00:00:00,2026-06-15 00:00:00
817,817,30,초보 거지,78991,134194,12,21,62,2026-06-15 00:00:00,2026-06-15 00:00:00
818,818,82,짠돌이 대장,116051,83947,26,43,41,2026-06-15 00:00:00,2026-06-15 00:00:00
819,819,23,초보 거지,80035,169422,28,42,67,2026-06-15 00:00:00,2026-06-15 00:00:00
820,820,64,가성비 마스터,23764,110678,23,28,82,2026-06-15 00:00:00,2026-06-15 00:00:00
821,821,41,평범한 절약가,11975,186918,17,43,93,2026-06-15 00:00:00,2026-06-15 00:00:00
822,822,70,가성비 마스터,5233,69377,11,42,92,2026-06-15 00:00:00,2026-06-15 00:00:00
823,823,71,가성비 마스터,11623,41297,31,80,78,2026-06-15 00:00:00,2026-06-15 00:00:00
824,824,27,초보 거지,123700,7898,34,54,6,2026-06-15 00:00:00,2026-06-15 00:00:00
825,825,78,짠돌이 대장,56367,198930,26,32,77,2026-06-15 00:00:00,2026-06-15 00:00:00
826,826,12,아기 거지,19112,24683,34,86,56,2026-06-15 00:00:00,2026-06-15 00:00:00
827,827,82,짠돌이 대장,51779,10241,11,14,16,2026-06-15 00:00:00,2026-06-15 00:00:00
828,828,35,초보 거지,62392,63942,23,23,50,2026-06-15 00:00:00,2026-06-15 00:00:00
829,829,50,평범한 절약가,127771,182393,24,68,58,2026-06-15 00:00:00,2026-06-15 00:00:00
830,830,61,가성비 마스터,58556,25105,6,82,30,2026-06-15 00:00:00,2026-06-15 00:00:00
831,831,46,평범한 절약가,30352,188682,28,61,86,2026-06-15 00:00:00,2026-06-15 00:00:00
832,832,67,가성비 마스터,14996,133627,29,25,89,2026-06-15 00:00:00,2026-06-15 00:00:00
833,833,86,알뜰한 살림꾼,4116,188266,23,75,97,2026-06-15 00:00:00,2026-06-15 00:00:00
834,834,50,평범한 절약가,27964,138668,7,83,83,2026-06-15 00:00:00,2026-06-15 00:00:00
835,835,37,초보 거지,20802,178243,19,87,89,2026-06-15 00:00:00,2026-06-15 00:00:00
836,836,60,평범한 절약가,49834,124388,34,87,71,2026-06-15 00:00:00,2026-06-15 00:00:00
837,837,76,짠돌이 대장,83224,6509,16,75,7,2026-06-15 00:00:00,2026-06-15 00:00:00
838,838,57,평범한 절약가,90030,94113,13,75,51,2026-06-15 00:00:00,2026-06-15 00:00:00
839,839,47,평범한 절약가,5443,9191,4,86,62,2026-06-15 00:00:00,2026-06-15 00:00:00
840,840,13,아기 거지,100794,38432,35,44,27,2026-06-15 00:00:00,2026-06-15 00:00:00
841,841,80,짠돌이 대장,50688,167699,24,34,76,2026-06-15 00:00:00,2026-06-15 00:00:00
842,842,28,초보 거지,105396,130416,21,86,55,2026-06-15 00:00:00,2026-06-15 00:00:00
843,843,7,아기 거지,145396,187232,8,93,56,2026-06-15 00:00:00,2026-06-15 00:00:00
844,844,88,알뜰한 살림꾼,88652,118462,24,34,57,2026-06-15 00:00:00,2026-06-15 00:00:00
845,845,58,평범한 절약가,4880,92253,9,22,94,2026-06-15 00:00:00,2026-06-15 00:00:00
846,846,94,알뜰한 살림꾼,117307,25005,21,20,17,2026-06-15 00:00:00,2026-06-15 00:00:00
847,847,58,평범한 절약가,12228,39681,4,46,76,2026-06-15 00:00:00,2026-06-15 00:00:00
848,848,30,초보 거지,101537,24725,32,72,19,2026-06-15 00:00:00,2026-06-15 00:00:00
849,849,86,알뜰한 살림꾼,60558,26862,17,10,30,2026-06-15 00:00:00,2026-06-15 00:00:00
850,850,66,가성비 마스터,97913,130064,5,81,57,2026-06-15 00:00:00,2026-06-15 00:00:00
851,851,63,가성비 마스터,49227,108622,14,84,68,2026-06-15 00:00:00,2026-06-15 00:00:00
852,852,8,아기 거지,92673,76590,27,94,45,2026-06-15 00:00:00,2026-06-15 00:00:00
853,853,63,가성비 마스터,124967,66884,32,32,34,2026-06-15 00:00:00,2026-06-15 00:00:00
854,854,60,평범한 절약가,132145,52032,16,54,28,2026-06-15 00:00:00,2026-06-15 00:00:00
855,855,53,평범한 절약가,88519,77246,8,17,46,2026-06-15 00:00:00,2026-06-15 00:00:00
856,856,77,짠돌이 대장,52455,49119,33,65,48,2026-06-15 00:00:00,2026-06-15 00:00:00
857,857,6,아기 거지,45989,28038,28,67,37,2026-06-15 00:00:00,2026-06-15 00:00:00
858,858,79,짠돌이 대장,106164,131663,23,43,55,2026-06-15 00:00:00,2026-06-15 00:00:00
859,859,62,가성비 마스터,26683,71155,9,85,72,2026-06-15 00:00:00,2026-06-15 00:00:00
860,860,20,아기 거지,98802,74686,35,93,43,2026-06-15 00:00:00,2026-06-15 00:00:00
861,861,12,아기 거지,120965,89202,7,88,42,2026-06-15 00:00:00,2026-06-15 00:00:00
862,862,38,초보 거지,12124,180268,11,15,93,2026-06-15 00:00:00,2026-06-15 00:00:00
863,863,35,초보 거지,63437,62380,3,46,49,2026-06-15 00:00:00,2026-06-15 00:00:00
864,864,5,아기 거지,122623,161240,15,33,56,2026-06-15 00:00:00,2026-06-15 00:00:00
865,865,33,초보 거지,86862,15806,31,21,15,2026-06-15 00:00:00,2026-06-15 00:00:00
866,866,66,가성비 마스터,93643,168957,4,57,64,2026-06-15 00:00:00,2026-06-15 00:00:00
867,867,18,아기 거지,82299,19313,12,18,19,2026-06-15 00:00:00,2026-06-15 00:00:00
868,868,38,초보 거지,19103,77773,21,92,80,2026-06-15 00:00:00,2026-06-15 00:00:00
869,869,57,평범한 절약가,10649,167268,4,67,94,2026-06-15 00:00:00,2026-06-15 00:00:00
870,870,3,아기 거지,58892,3702,8,33,5,2026-06-15 00:00:00,2026-06-15 00:00:00
871,871,24,초보 거지,120752,64262,30,49,34,2026-06-15 00:00:00,2026-06-15 00:00:00
872,872,72,가성비 마스터,60578,165763,13,39,73,2026-06-15 00:00:00,2026-06-15 00:00:00
873,873,29,초보 거지,126570,68108,3,16,34,2026-06-15 00:00:00,2026-06-15 00:00:00
874,874,41,평범한 절약가,57419,75093,6,62,56,2026-06-15 00:00:00,2026-06-15 00:00:00
875,875,57,평범한 절약가,71499,30212,17,96,29,2026-06-15 00:00:00,2026-06-15 00:00:00
876,876,55,평범한 절약가,21215,58515,8,47,73,2026-06-15 00:00:00,2026-06-15 00:00:00
877,877,25,초보 거지,26774,166278,14,20,86,2026-06-15 00:00:00,2026-06-15 00:00:00
878,878,36,초보 거지,93561,111191,34,42,54,2026-06-15 00:00:00,2026-06-15 00:00:00
879,879,50,평범한 절약가,91407,146957,17,23,61,2026-06-15 00:00:00,2026-06-15 00:00:00
880,880,85,짠돌이 대장,122474,179248,6,12,59,2026-06-15 00:00:00,2026-06-15 00:00:00
881,881,34,초보 거지,18562,79174,30,54,81,2026-06-15 00:00:00,2026-06-15 00:00:00
882,882,47,평범한 절약가,33351,138947,23,83,80,2026-06-15 00:00:00,2026-06-15 00:00:00
883,883,68,가성비 마스터,94979,67183,28,29,41,2026-06-15 00:00:00,2026-06-15 00:00:00
884,884,7,아기 거지,33060,30013,20,57,47,2026-06-15 00:00:00,2026-06-15 00:00:00
885,885,48,평범한 절약가,143578,172824,15,35,54,2026-06-15 00:00:00,2026-06-15 00:00:00
886,886,63,가성비 마스터,115171,35319,33,95,23,2026-06-15 00:00:00,2026-06-15 00:00:00
887,887,6,아기 거지,65203,57700,17,34,46,2026-06-15 00:00:00,2026-06-15 00:00:00
888,888,8,아기 거지,66065,126959,21,55,65,2026-06-15 00:00:00,2026-06-15 00:00:00
889,889,95,알뜰한 살림꾼,16170,7353,6,38,31,2026-06-15 00:00:00,2026-06-15 00:00:00
890,890,72,가성비 마스터,125915,161537,10,61,56,2026-06-15 00:00:00,2026-06-15 00:00:00
891,891,62,가성비 마스터,120540,191228,25,19,61,2026-06-15 00:00:00,2026-06-15 00:00:00
892,892,73,가성비 마스터,14925,122049,35,62,89,2026-06-15 00:00:00,2026-06-15 00:00:00
893,893,54,평범한 절약가,15927,188411,29,23,92,2026-06-15 00:00:00,2026-06-15 00:00:00
894,894,5,아기 거지,97914,82885,9,59,45,2026-06-15 00:00:00,2026-06-15 00:00:00
895,895,33,초보 거지,143433,92631,27,60,39,2026-06-15 00:00:00,2026-06-15 00:00:00
896,896,85,짠돌이 대장,24842,132506,34,39,84,2026-06-15 00:00:00,2026-06-15 00:00:00
897,897,55,평범한 절약가,74736,182922,8,58,70,2026-06-15 00:00:00,2026-06-15 00:00:00
898,898,43,평범한 절약가,4709,79458,34,45,94,2026-06-15 00:00:00,2026-06-15 00:00:00
899,899,64,가성비 마스터,130258,41933,31,53,24,2026-06-15 00:00:00,2026-06-15 00:00:00
900,900,70,가성비 마스터,148055,72263,32,69,32,2026-06-15 00:00:00,2026-06-15 00:00:00
901,901,45,평범한 절약가,17800,40617,31,79,69,2026-06-15 00:00:00,2026-06-15 00:00:00
902,902,52,평범한 절약가,59403,116735,27,78,66,2026-06-15 00:00:00,2026-06-15 00:00:00
903,903,57,평범한 절약가,108613,153829,33,59,58,2026-06-15 00:00:00,2026-06-15 00:00:00
904,904,39,초보 거지,129557,7677,23,50,5,2026-06-15 00:00:00,2026-06-15 00:00:00
905,905,73,가성비 마스터,137257,155602,8,20,53,2026-06-15 00:00:00,2026-06-15 00:00:00
906,906,35,초보 거지,11845,55584,4,76,82,2026-06-15 00:00:00,2026-06-15 00:00:00
907,907,63,가성비 마스터,15370,14141,14,38,47,2026-06-15 00:00:00,2026-06-15 00:00:00
908,908,75,가성비 마스터,117926,69850,16,19,37,2026-06-15 00:00:00,2026-06-15 00:00:00
909,909,70,가성비 마스터,67917,64622,6,65,48,2026-06-15 00:00:00,2026-06-15 00:00:00
910,910,10,아기 거지,79162,122174,31,64,60,2026-06-15 00:00:00,2026-06-15 00:00:00
911,911,49,평범한 절약가,116370,150466,29,11,56,2026-06-15 00:00:00,2026-06-15 00:00:00
912,912,92,알뜰한 살림꾼,93248,75542,5,11,44,2026-06-15 00:00:00,2026-06-15 00:00:00
913,913,30,초보 거지,143017,104736,4,67,42,2026-06-15 00:00:00,2026-06-15 00:00:00
914,914,31,초보 거지,143514,105832,22,94,42,2026-06-15 00:00:00,2026-06-15 00:00:00
915,915,82,짠돌이 대장,106505,36865,13,44,25,2026-06-15 00:00:00,2026-06-15 00:00:00
916,916,57,평범한 절약가,10131,118342,8,92,92,2026-06-15 00:00:00,2026-06-15 00:00:00
917,917,73,가성비 마스터,41451,145420,16,17,77,2026-06-15 00:00:00,2026-06-15 00:00:00
918,918,4,아기 거지,71524,180570,12,37,71,2026-06-15 00:00:00,2026-06-15 00:00:00
919,919,8,아기 거지,18162,61310,35,58,77,2026-06-15 00:00:00,2026-06-15 00:00:00
920,920,29,초보 거지,43075,78749,6,80,64,2026-06-15 00:00:00,2026-06-15 00:00:00
921,921,53,평범한 절약가,145845,103342,16,11,41,2026-06-15 00:00:00,2026-06-15 00:00:00
922,922,3,아기 거지,60206,39921,10,42,39,2026-06-15 00:00:00,2026-06-15 00:00:00
923,923,78,짠돌이 대장,21894,180812,19,59,89,2026-06-15 00:00:00,2026-06-15 00:00:00
924,924,27,초보 거지,19629,148864,24,87,88,2026-06-15 00:00:00,2026-06-15 00:00:00
925,925,94,알뜰한 살림꾼,119625,71976,14,68,37,2026-06-15 00:00:00,2026-06-15 00:00:00
926,926,79,짠돌이 대장,17371,91380,9,80,84,2026-06-15 00:00:00,2026-06-15 00:00:00
927,927,44,평범한 절약가,59900,167721,3,13,73,2026-06-15 00:00:00,2026-06-15 00:00:00
928,928,58,평범한 절약가,117751,2275,14,30,1,2026-06-15 00:00:00,2026-06-15 00:00:00
929,929,20,아기 거지,74993,114472,12,58,60,2026-06-15 00:00:00,2026-06-15 00:00:00
930,930,39,초보 거지,132000,20517,21,18,13,2026-06-15 00:00:00,2026-06-15 00:00:00
931,931,45,평범한 절약가,31253,153123,10,66,83,2026-06-15 00:00:00,2026-06-15 00:00:00
932,932,16,아기 거지,59515,119101,35,58,66,2026-06-15 00:00:00,2026-06-15 00:00:00
933,933,28,초보 거지,99523,166976,26,83,62,2026-06-15 00:00:00,2026-06-15 00:00:00
934,934,21,초보 거지,37412,133370,4,88,78,2026-06-15 00:00:00,2026-06-15 00:00:00
935,935,3,아기 거지,149107,86726,16,12,36,2026-06-15 00:00:00,2026-06-15 00:00:00
936,936,80,짠돌이 대장,36560,23607,26,62,39,2026-06-15 00:00:00,2026-06-15 00:00:00
937,937,84,짠돌이 대장,6252,146620,15,55,95,2026-06-15 00:00:00,2026-06-15 00:00:00
938,938,32,초보 거지,130537,99078,20,18,43,2026-06-15 00:00:00,2026-06-15 00:00:00
939,939,92,알뜰한 살림꾼,6706,185006,4,46,96,2026-06-15 00:00:00,2026-06-15 00:00:00
940,940,31,초보 거지,143909,49931,1,79,25,2026-06-15 00:00:00,2026-06-15 00:00:00
941,941,51,평범한 절약가,96960,182191,31,48,65,2026-06-15 00:00:00,2026-06-15 00:00:00
942,942,16,아기 거지,149003,10824,2,10,6,2026-06-15 00:00:00,2026-06-15 00:00:00
943,943,8,아기 거지,132436,94616,30,88,41,2026-06-15 00:00:00,2026-06-15 00:00:00
944,944,91,알뜰한 살림꾼,13395,49155,17,51,78,2026-06-15 00:00:00,2026-06-15 00:00:00
945,945,46,평범한 절약가,28723,80189,31,29,73,2026-06-15 00:00:00,2026-06-15 00:00:00
946,946,89,알뜰한 살림꾼,79128,30914,2,67,28,2026-06-15 00:00:00,2026-06-15 00:00:00
947,947,47,평범한 절약가,18904,79329,17,67,80,2026-06-15 00:00:00,2026-06-15 00:00:00
948,948,42,평범한 절약가,24813,131786,15,90,84,2026-06-15 00:00:00,2026-06-15 00:00:00
949,949,87,알뜰한 살림꾼,90014,44666,32,67,33,2026-06-15 00:00:00,2026-06-15 00:00:00
950,950,99,절약의 신,63075,85695,10,49,57,2026-06-15 00:00:00,2026-06-15 00:00:00
951,951,54,평범한 절약가,91584,15323,9,37,14,2026-06-15 00:00:00,2026-06-15 00:00:00
952,952,26,초보 거지,113564,31279,14,39,21,2026-06-15 00:00:00,2026-06-15 00:00:00
953,953,24,초보 거지,146152,18031,4,81,10,2026-06-15 00:00:00,2026-06-15 00:00:00
954,954,76,짠돌이 대장,39171,7623,26,26,16,2026-06-15 00:00:00,2026-06-15 00:00:00
955,955,52,평범한 절약가,7941,95512,3,54,92,2026-06-15 00:00:00,2026-06-15 00:00:00
956,956,47,평범한 절약가,3217,29970,18,45,90,2026-06-15 00:00:00,2026-06-15 00:00:00
957,957,66,가성비 마스터,9351,121475,11,63,92,2026-06-15 00:00:00,2026-06-15 00:00:00
958,958,65,가성비 마스터,21340,73392,24,34,77,2026-06-15 00:00:00,2026-06-15 00:00:00
959,959,55,평범한 절약가,136037,63320,27,13,31,2026-06-15 00:00:00,2026-06-15 00:00:00
960,960,56,평범한 절약가,102469,174993,15,35,63,2026-06-15 00:00:00,2026-06-15 00:00:00
961,961,49,평범한 절약가,144419,136168,23,53,48,2026-06-15 00:00:00,2026-06-15 00:00:00
962,962,59,평범한 절약가,42012,193942,19,28,82,2026-06-15 00:00:00,2026-06-15 00:00:00
963,963,51,평범한 절약가,27800,169041,17,30,85,2026-06-15 00:00:00,2026-06-15 00:00:00
964,964,87,알뜰한 살림꾼,113205,128082,15,21,53,2026-06-15 00:00:00,2026-06-15 00:00:00
965,965,79,짠돌이 대장,70701,171286,10,50,70,2026-06-15 00:00:00,2026-06-15 00:00:00
966,966,26,초보 거지,93840,75271,8,80,44,2026-06-15 00:00:00,2026-06-15 00:00:00
967,967,87,알뜰한 살림꾼,66078,73186,6,23,52,2026-06-15 00:00:00,2026-06-15 00:00:00
968,968,41,평범한 절약가,20741,138248,35,39,86,2026-06-15 00:00:00,2026-06-15 00:00:00
969,969,10,아기 거지,35394,44759,12,87,55,2026-06-15 00:00:00,2026-06-15 00:00:00
970,970,86,알뜰한 살림꾼,44370,67565,9,41,60,2026-06-15 00:00:00,2026-06-15 00:00:00
971,971,41,평범한 절약가,67733,160366,18,23,70,2026-06-15 00:00:00,2026-06-15 00:00:00
972,972,43,평범한 절약가,104733,22252,22,86,17,2026-06-15 00:00:00,2026-06-15 00:00:00
973,973,40,초보 거지,90697,15949,15,42,14,2026-06-15 00:00:00,2026-06-15 00:00:00
974,974,66,가성비 마스터,126245,47800,2,15,27,2026-06-15 00:00:00,2026-06-15 00:00:00
975,975,68,가성비 마스터,92470,32413,29,48,25,2026-06-15 00:00:00,2026-06-15 00:00:00
976,976,78,짠돌이 대장,41930,81092,31,74,65,2026-06-15 00:00:00,2026-06-15 00:00:00
977,977,60,평범한 절약가,94673,139975,8,12,59,2026-06-15 00:00:00,2026-06-15 00:00:00
978,978,96,절약의 신,54354,22342,13,24,29,2026-06-15 00:00:00,2026-06-15 00:00:00
979,979,55,평범한 절약가,85664,87376,29,17,50,2026-06-15 00:00:00,2026-06-15 00:00:00
980,980,74,가성비 마스터,26532,142153,16,89,84,2026-06-15 00:00:00,2026-06-15 00:00:00
981,981,7,아기 거지,26999,60620,30,34,69,2026-06-15 00:00:00,2026-06-15 00:00:00
982,982,65,가성비 마스터,6127,40129,16,70,86,2026-06-15 00:00:00,2026-06-15 00:00:00
983,983,30,초보 거지,112688,121492,18,23,51,2026-06-15 00:00:00,2026-06-15 00:00:00
984,984,53,평범한 절약가,67502,6854,24,29,9,2026-06-15 00:00:00,2026-06-15 00:00:00
985,985,85,짠돌이 대장,77689,179311,28,72,69,2026-06-15 00:00:00,2026-06-15 00:00:00
986,986,7,아기 거지,26001,167833,33,20,86,2026-06-15 00:00:00,2026-06-15 00:00:00
987,987,58,평범한 절약가,66780,138040,20,80,67,2026-06-15 00:00:00,2026-06-15 00:00:00
988,988,2,아기 거지,97015,140622,3,53,59,2026-06-15 00:00:00,2026-06-15 00:00:00
989,989,5,아기 거지,121288,159480,11,89,56,2026-06-15 00:00:00,2026-06-15 00:00:00
990,990,40,초보 거지,108208,162299,28,99,60,2026-06-15 00:00:00,2026-06-15 00:00:00
991,991,19,아기 거지,97083,141650,26,43,59,2026-06-15 00:00:00,2026-06-15 00:00:00
992,992,4,아기 거지,87359,114848,26,62,56,2026-06-15 00:00:00,2026-06-15 00:00:00
993,993,38,초보 거지,107437,119771,20,51,52,2026-06-15 00:00:00,2026-06-15 00:00:00
994,994,37,초보 거지,38289,125814,32,97,76,2026-06-15 00:00:00,2026-06-15 00:00:00
995,995,85,짠돌이 대장,133779,44647,20,60,25,2026-06-15 00:00:00,2026-06-15 00:00:00
996,996,95,알뜰한 살림꾼,40835,176205,6,22,81,2026-06-15 00:00:00,2026-06-15 00:00:00
997,997,86,알뜰한 살림꾼,47493,40728,34,88,46,2026-06-15 00:00:00,2026-06-15 00:00:00
998,998,31,초보 거지,38534,27221,5,57,41,2026-06-15 00:00:00,2026-06-15 00:00:00
999,999,38,초보 거지,98492,37112,1,22,27,2026-06-15 00:00:00,2026-06-15 00:00:00
1000,1000,98,절약의 신,131913,95069,20,48,41,2026-06-15 00:00:00,2026-06-15 00:00:00
