room_no,owner_user_no,room_name,room_code,max_member_count,total_budget,is_friends,location,status,room_created,ended_at,deleted_at
1,655,짠테크방1,ROOM-0001,4,82000,TRUE,서울 마포구,ENDED,2026-01-01 10:00:43,2026-01-07 19:00:43,
2,90,무지출방2,ROOM-0002,2,43000,TRUE,서울 성동구,ACTIVE,2026-01-01 10:10:01,,
3,575,텅장탈출방3,ROOM-0003,6,127000,TRUE,대구 중구,ACTIVE,2026-01-01 10:20:51,,
4,891,알뜰방4,ROOM-0004,3,128000,FALSE,경기 안양시 만안구,ACTIVE,2026-01-01 10:30:48,,
5,345,근검절약방5,ROOM-0005,5,44000,FALSE,경기 수원시 팔달구,ACTIVE,2026-01-01 10:40:51,,
6,45,한푼두푼방6,ROOM-0006,2,116000,TRUE,광주 서구,ACTIVE,2026-01-01 10:50:40,,
7,634,짠돌이방7,ROOM-0007,3,37000,TRUE,서울 성동구,ENDED,2026-01-01 11:00:05,2026-01-08 15:00:05,
8,888,절약왕방8,ROOM-0008,4,136000,FALSE,서울 마포구,ACTIVE,2026-01-01 11:10:13,,
9,687,월급방어방9,ROOM-0009,2,63000,TRUE,서울 마포구,ACTIVE,2026-01-01 11:20:17,,
10,948,적금방10,ROOM-0010,4,34000,TRUE,서울 강남구,ENDED,2026-01-01 11:30:25,2026-01-04 13:30:25,
11,217,가계부방11,ROOM-0011,5,121000,FALSE,서울 마포구,ACTIVE,2026-01-01 11:40:15,,
12,763,거지방12,ROOM-0012,6,129000,FALSE,경기 수원시 팔달구,ACTIVE,2026-01-01 11:50:08,,
13,522,짠테크방13,ROOM-0013,2,48000,TRUE,서울 마포구,ENDED,2026-01-01 12:00:27,2026-01-06 14:00:27,
14,395,무지출방14,ROOM-0014,5,84000,TRUE,서울 종로구,ACTIVE,2026-01-01 12:10:34,,
15,769,텅장탈출방15,ROOM-0015,4,48000,FALSE,부산 해운대구,ACTIVE,2026-01-01 12:20:00,,
16,977,알뜰방16,ROOM-0016,3,149000,TRUE,경기 안양시 만안구,ENDED,2026-01-01 12:30:32,2026-01-06 16:30:32,
17,157,근검절약방17,ROOM-0017,3,20000,FALSE,대구 중구,ACTIVE,2026-01-01 12:40:59,,
18,372,한푼두푼방18,ROOM-0018,2,81000,TRUE,서울 종로구,ENDED,2026-01-01 12:50:52,2026-01-02 21:50:52,
19,785,짠돌이방19,ROOM-0019,5,62000,FALSE,광주 서구,ENDED,2026-01-01 13:00:27,2026-01-03 22:00:27,
20,774,절약왕방20,ROOM-0020,4,122000,FALSE,대구 중구,ENDED,2026-01-01 13:10:28,2026-01-02 17:10:28,
21,231,월급방어방21,ROOM-0021,2,78000,TRUE,서울 강남구,ACTIVE,2026-01-01 13:20:40,,
22,61,적금방22,ROOM-0022,2,104000,TRUE,광주 서구,ACTIVE,2026-01-01 13:30:42,,
23,498,가계부방23,ROOM-0023,3,141000,TRUE,대구 중구,ENDED,2026-01-01 13:40:12,2026-01-02 15:40:12,
24,675,거지방24,ROOM-0024,5,125000,FALSE,서울 강남구,ACTIVE,2026-01-01 13:50:41,,
25,101,짠테크방25,ROOM-0025,4,47000,TRUE,서울 성동구,ACTIVE,2026-01-01 14:00:28,,
26,144,무지출방26,ROOM-0026,4,138000,TRUE,서울 종로구,ACTIVE,2026-01-01 14:10:55,,
27,877,텅장탈출방27,ROOM-0027,6,23000,TRUE,서울 성동구,ACTIVE,2026-01-01 14:20:31,,
28,493,알뜰방28,ROOM-0028,5,35000,TRUE,부산 해운대구,ACTIVE,2026-01-01 14:30:24,,
29,272,근검절약방29,ROOM-0029,5,144000,TRUE,서울 성동구,ACTIVE,2026-01-01 14:40:03,,
30,594,한푼두푼방30,ROOM-0030,4,34000,TRUE,대전 서구,ACTIVE,2026-01-01 14:50:58,,
31,874,짠돌이방31,ROOM-0031,2,150000,TRUE,서울 마포구,ACTIVE,2026-01-01 15:00:04,,
32,692,절약왕방32,ROOM-0032,2,83000,TRUE,대전 서구,ACTIVE,2026-01-01 15:10:42,,
33,598,월급방어방33,ROOM-0033,4,72000,FALSE,서울 성동구,ACTIVE,2026-01-01 15:20:08,,
34,688,적금방34,ROOM-0034,4,38000,TRUE,대구 중구,ACTIVE,2026-01-01 15:30:36,,
35,103,가계부방35,ROOM-0035,3,149000,FALSE,서울 마포구,ENDED,2026-01-01 15:40:56,2026-01-02 19:40:56,
36,379,거지방36,ROOM-0036,5,97000,TRUE,광주 서구,ACTIVE,2026-01-01 15:50:42,,
37,107,짠테크방37,ROOM-0037,2,47000,TRUE,경기 안양시 만안구,ACTIVE,2026-01-01 16:00:13,,
38,735,무지출방38,ROOM-0038,4,149000,FALSE,경기 안양시 만안구,ENDED,2026-01-01 16:10:54,2026-01-02 18:10:54,
39,650,텅장탈출방39,ROOM-0039,4,31000,TRUE,경기 수원시 팔달구,ENDED,2026-01-01 16:20:40,2026-01-04 19:20:40,
40,760,알뜰방40,ROOM-0040,5,22000,TRUE,서울 종로구,ENDED,2026-01-01 16:30:44,2026-01-04 01:30:44,
41,37,근검절약방41,ROOM-0041,6,57000,FALSE,서울 마포구,ACTIVE,2026-01-01 16:40:23,,
42,921,한푼두푼방42,ROOM-0042,3,83000,TRUE,경기 수원시 팔달구,ENDED,2026-01-01 16:50:56,2026-01-08 23:50:56,
43,998,짠돌이방43,ROOM-0043,3,65000,FALSE,서울 강남구,ACTIVE,2026-01-01 17:00:59,,
44,341,절약왕방44,ROOM-0044,3,88000,TRUE,서울 종로구,ACTIVE,2026-01-01 17:10:02,,
45,880,월급방어방45,ROOM-0045,3,137000,FALSE,경기 안양시 만안구,ENDED,2026-01-01 17:20:55,2026-01-03 21:20:55,
46,25,적금방46,ROOM-0046,4,91000,TRUE,경기 안양시 만안구,ACTIVE,2026-01-01 17:30:32,,
47,410,가계부방47,ROOM-0047,2,49000,FALSE,서울 마포구,ACTIVE,2026-01-01 17:40:16,,
48,40,거지방48,ROOM-0048,5,108000,FALSE,부산 해운대구,ACTIVE,2026-01-01 17:50:32,,
49,119,짠테크방49,ROOM-0049,3,85000,TRUE,부산 해운대구,ACTIVE,2026-01-01 18:00:59,,
50,826,무지출방50,ROOM-0050,3,113000,FALSE,서울 종로구,ENDED,2026-01-01 18:10:58,2026-01-05 04:10:58,
51,322,텅장탈출방51,ROOM-0051,4,149000,FALSE,부산 해운대구,ACTIVE,2026-01-01 18:20:44,,
52,303,알뜰방52,ROOM-0052,5,117000,TRUE,대전 서구,ACTIVE,2026-01-01 18:30:25,,
53,562,근검절약방53,ROOM-0053,4,73000,FALSE,대전 서구,ACTIVE,2026-01-01 18:40:20,,
54,477,한푼두푼방54,ROOM-0054,3,150000,FALSE,서울 마포구,ACTIVE,2026-01-01 18:50:18,,
55,528,짠돌이방55,ROOM-0055,3,99000,TRUE,서울 성동구,ACTIVE,2026-01-01 19:00:02,,
56,251,절약왕방56,ROOM-0056,2,136000,FALSE,대전 서구,ACTIVE,2026-01-01 19:10:44,,
57,394,월급방어방57,ROOM-0057,3,57000,TRUE,서울 종로구,ENDED,2026-01-01 19:20:14,2026-01-04 07:20:14,
58,531,적금방58,ROOM-0058,6,83000,TRUE,대구 중구,ACTIVE,2026-01-01 19:30:29,,
59,684,가계부방59,ROOM-0059,6,101000,FALSE,대전 서구,ENDED,2026-01-01 19:40:57,2026-01-07 02:40:57,
60,851,거지방60,ROOM-0060,3,141000,FALSE,경기 안양시 만안구,ENDED,2026-01-01 19:50:53,2026-01-08 00:50:53,
61,785,짠테크방61,ROOM-0061,3,90000,FALSE,서울 종로구,ENDED,2026-01-01 20:00:15,2026-01-05 02:00:15,
62,328,무지출방62,ROOM-0062,3,58000,TRUE,부산 해운대구,ACTIVE,2026-01-01 20:10:45,,
63,220,텅장탈출방63,ROOM-0063,5,104000,FALSE,부산 해운대구,ACTIVE,2026-01-01 20:20:53,,
64,431,알뜰방64,ROOM-0064,6,25000,FALSE,대구 중구,ACTIVE,2026-01-01 20:30:22,,
65,306,근검절약방65,ROOM-0065,5,76000,FALSE,서울 성동구,ACTIVE,2026-01-01 20:40:31,,
66,30,한푼두푼방66,ROOM-0066,5,62000,FALSE,서울 마포구,ENDED,2026-01-01 20:50:34,2026-01-03 03:50:34,
67,607,짠돌이방67,ROOM-0067,5,54000,FALSE,서울 마포구,ACTIVE,2026-01-01 21:00:24,,
68,336,절약왕방68,ROOM-0068,4,106000,FALSE,경기 안양시 만안구,ENDED,2026-01-01 21:10:53,2026-01-06 02:10:53,
69,855,월급방어방69,ROOM-0069,2,33000,FALSE,서울 성동구,ACTIVE,2026-01-01 21:20:49,,
70,981,적금방70,ROOM-0070,2,83000,TRUE,서울 강남구,ACTIVE,2026-01-01 21:30:15,,
71,130,가계부방71,ROOM-0071,2,75000,FALSE,경기 안양시 만안구,ENDED,2026-01-01 21:40:10,2026-01-07 07:40:10,
72,987,거지방72,ROOM-0072,3,99000,TRUE,대전 서구,ACTIVE,2026-01-01 21:50:19,,
73,590,짠테크방73,ROOM-0073,3,39000,TRUE,서울 종로구,ACTIVE,2026-01-01 22:00:19,,
74,871,무지출방74,ROOM-0074,6,30000,FALSE,광주 서구,ACTIVE,2026-01-01 22:10:23,,
75,71,텅장탈출방75,ROOM-0075,4,23000,FALSE,대구 중구,ACTIVE,2026-01-01 22:20:23,,
76,651,알뜰방76,ROOM-0076,3,131000,TRUE,광주 서구,ENDED,2026-01-01 22:30:17,2026-01-07 07:30:17,
77,794,근검절약방77,ROOM-0077,5,88000,FALSE,서울 성동구,ENDED,2026-01-01 22:40:05,2026-01-05 06:40:05,
78,250,한푼두푼방78,ROOM-0078,6,117000,FALSE,서울 강남구,ACTIVE,2026-01-01 22:50:20,,
79,187,짠돌이방79,ROOM-0079,4,86000,FALSE,경기 안양시 만안구,ENDED,2026-01-01 23:00:44,2026-01-05 08:00:44,
80,11,절약왕방80,ROOM-0080,2,81000,FALSE,대구 중구,ACTIVE,2026-01-01 23:10:15,,
81,708,월급방어방81,ROOM-0081,5,134000,TRUE,서울 종로구,ACTIVE,2026-01-01 23:20:25,,
82,709,적금방82,ROOM-0082,6,114000,FALSE,광주 서구,ACTIVE,2026-01-01 23:30:27,,
83,764,가계부방83,ROOM-0083,5,89000,FALSE,경기 안양시 만안구,ACTIVE,2026-01-01 23:40:46,,
84,198,거지방84,ROOM-0084,6,67000,TRUE,서울 성동구,ENDED,2026-01-01 23:50:17,2026-01-08 09:50:17,
85,779,짠테크방85,ROOM-0085,4,45000,TRUE,경기 안양시 만안구,ACTIVE,2026-01-02 00:00:11,,
86,310,무지출방86,ROOM-0086,6,52000,FALSE,서울 강남구,ENDED,2026-01-02 00:10:35,2026-01-05 12:10:35,
87,967,텅장탈출방87,ROOM-0087,5,46000,TRUE,대전 서구,ACTIVE,2026-01-02 00:20:30,,
88,452,알뜰방88,ROOM-0088,2,84000,FALSE,서울 종로구,ENDED,2026-01-02 00:30:25,2026-01-06 02:30:25,
89,591,근검절약방89,ROOM-0089,3,97000,TRUE,서울 성동구,ACTIVE,2026-01-02 00:40:48,,
90,427,한푼두푼방90,ROOM-0090,6,117000,FALSE,대구 중구,ACTIVE,2026-01-02 00:50:37,,
91,440,짠돌이방91,ROOM-0091,6,35000,TRUE,서울 성동구,ACTIVE,2026-01-02 01:00:16,,
92,677,절약왕방92,ROOM-0092,3,64000,TRUE,서울 마포구,ACTIVE,2026-01-02 01:10:28,,
93,706,월급방어방93,ROOM-0093,2,79000,FALSE,경기 안양시 만안구,ENDED,2026-01-02 01:20:29,2026-01-03 12:20:29,
94,240,적금방94,ROOM-0094,6,70000,FALSE,서울 종로구,ACTIVE,2026-01-02 01:30:41,,
95,153,가계부방95,ROOM-0095,3,38000,TRUE,서울 마포구,ENDED,2026-01-02 01:40:38,2026-01-08 11:40:38,
96,944,거지방96,ROOM-0096,2,139000,FALSE,부산 해운대구,ENDED,2026-01-02 01:50:32,2026-01-07 09:50:32,
97,449,짠테크방97,ROOM-0097,2,130000,FALSE,대전 서구,ACTIVE,2026-01-02 02:00:05,,
98,235,무지출방98,ROOM-0098,4,30000,TRUE,대구 중구,ACTIVE,2026-01-02 02:10:28,,
99,939,텅장탈출방99,ROOM-0099,6,131000,FALSE,서울 종로구,ACTIVE,2026-01-02 02:20:26,,
100,342,알뜰방100,ROOM-0100,2,61000,FALSE,부산 해운대구,ACTIVE,2026-01-02 02:30:18,,
101,679,근검절약방101,ROOM-0101,6,29000,FALSE,서울 종로구,ACTIVE,2026-01-02 02:40:20,,
102,119,한푼두푼방102,ROOM-0102,6,20000,FALSE,부산 해운대구,ACTIVE,2026-01-02 02:50:33,,
103,371,짠돌이방103,ROOM-0103,5,33000,TRUE,경기 안양시 만안구,ACTIVE,2026-01-02 03:00:59,,
104,295,절약왕방104,ROOM-0104,5,51000,TRUE,대전 서구,ENDED,2026-01-02 03:10:45,2026-01-04 08:10:45,
105,565,월급방어방105,ROOM-0105,5,43000,TRUE,서울 종로구,ACTIVE,2026-01-02 03:20:07,,
106,664,적금방106,ROOM-0106,4,150000,FALSE,부산 해운대구,ENDED,2026-01-02 03:30:30,2026-01-04 11:30:30,
107,565,가계부방107,ROOM-0107,3,150000,TRUE,서울 종로구,ACTIVE,2026-01-02 03:40:50,,
108,875,거지방108,ROOM-0108,6,88000,TRUE,경기 안양시 만안구,ENDED,2026-01-02 03:50:53,2026-01-07 13:50:53,
109,676,짠테크방109,ROOM-0109,3,134000,FALSE,경기 수원시 팔달구,ACTIVE,2026-01-02 04:00:48,,
110,557,무지출방110,ROOM-0110,4,68000,TRUE,대전 서구,ACTIVE,2026-01-02 04:10:54,,
111,795,텅장탈출방111,ROOM-0111,4,141000,FALSE,부산 해운대구,ENDED,2026-01-02 04:20:50,2026-01-09 15:20:50,
112,156,알뜰방112,ROOM-0112,3,148000,FALSE,서울 종로구,ENDED,2026-01-02 04:30:28,2026-01-03 13:30:28,
113,933,근검절약방113,ROOM-0113,3,124000,TRUE,서울 종로구,ACTIVE,2026-01-02 04:40:16,,
114,347,한푼두푼방114,ROOM-0114,2,104000,FALSE,경기 수원시 팔달구,ACTIVE,2026-01-02 04:50:56,,
115,778,짠돌이방115,ROOM-0115,6,29000,TRUE,서울 성동구,ACTIVE,2026-01-02 05:00:58,,
116,295,절약왕방116,ROOM-0116,2,131000,TRUE,서울 종로구,ACTIVE,2026-01-02 05:10:44,,
117,307,월급방어방117,ROOM-0117,4,34000,FALSE,경기 수원시 팔달구,ACTIVE,2026-01-02 05:20:09,,
118,251,적금방118,ROOM-0118,6,66000,TRUE,서울 마포구,ACTIVE,2026-01-02 05:30:55,,
119,392,가계부방119,ROOM-0119,6,56000,TRUE,대구 중구,ACTIVE,2026-01-02 05:40:29,,
120,262,거지방120,ROOM-0120,5,93000,TRUE,서울 종로구,ACTIVE,2026-01-02 05:50:22,,
121,602,짠테크방121,ROOM-0121,5,84000,FALSE,경기 안양시 만안구,ACTIVE,2026-01-02 06:00:24,,
122,874,무지출방122,ROOM-0122,3,117000,FALSE,대전 서구,ACTIVE,2026-01-02 06:10:44,,
123,303,텅장탈출방123,ROOM-0123,5,90000,TRUE,대전 서구,ENDED,2026-01-02 06:20:49,2026-01-08 07:20:49,
124,933,알뜰방124,ROOM-0124,4,78000,FALSE,서울 성동구,ACTIVE,2026-01-02 06:30:39,,
125,257,근검절약방125,ROOM-0125,2,30000,FALSE,대구 중구,ACTIVE,2026-01-02 06:40:23,,
126,750,한푼두푼방126,ROOM-0126,4,103000,FALSE,서울 마포구,ACTIVE,2026-01-02 06:50:50,,
127,553,짠돌이방127,ROOM-0127,6,89000,TRUE,경기 안양시 만안구,ENDED,2026-01-02 07:00:30,2026-01-09 12:00:30,
128,765,절약왕방128,ROOM-0128,2,139000,TRUE,서울 마포구,ENDED,2026-01-02 07:10:14,2026-01-09 18:10:14,
129,742,월급방어방129,ROOM-0129,6,113000,TRUE,부산 해운대구,ACTIVE,2026-01-02 07:20:34,,
130,127,적금방130,ROOM-0130,4,117000,FALSE,서울 종로구,ACTIVE,2026-01-02 07:30:30,,
131,26,가계부방131,ROOM-0131,3,36000,FALSE,경기 안양시 만안구,ACTIVE,2026-01-02 07:40:07,,
132,144,거지방132,ROOM-0132,4,146000,TRUE,서울 종로구,ACTIVE,2026-01-02 07:50:34,,
133,139,짠테크방133,ROOM-0133,4,127000,TRUE,부산 해운대구,ACTIVE,2026-01-02 08:00:53,,
134,502,무지출방134,ROOM-0134,2,114000,TRUE,대구 중구,ACTIVE,2026-01-02 08:10:15,,
135,876,텅장탈출방135,ROOM-0135,4,111000,TRUE,부산 해운대구,ACTIVE,2026-01-02 08:20:07,,
136,972,알뜰방136,ROOM-0136,3,25000,TRUE,경기 수원시 팔달구,ACTIVE,2026-01-02 08:30:08,,
137,806,근검절약방137,ROOM-0137,6,73000,TRUE,서울 성동구,ACTIVE,2026-01-02 08:40:09,,
138,808,한푼두푼방138,ROOM-0138,3,53000,FALSE,서울 마포구,ACTIVE,2026-01-02 08:50:55,,
139,27,짠돌이방139,ROOM-0139,4,80000,FALSE,서울 강남구,ACTIVE,2026-01-02 09:00:03,,
140,130,절약왕방140,ROOM-0140,2,36000,FALSE,대구 중구,ENDED,2026-01-02 09:10:32,2026-01-07 11:10:32,
141,463,월급방어방141,ROOM-0141,6,31000,FALSE,대구 중구,ACTIVE,2026-01-02 09:20:01,,
142,63,적금방142,ROOM-0142,5,129000,TRUE,대구 중구,ENDED,2026-01-02 09:30:28,2026-01-03 11:30:28,
143,330,가계부방143,ROOM-0143,3,90000,FALSE,부산 해운대구,ENDED,2026-01-02 09:40:33,2026-01-05 17:40:33,
144,518,거지방144,ROOM-0144,2,75000,FALSE,대구 중구,ENDED,2026-01-02 09:50:26,2026-01-05 17:50:26,
145,409,짠테크방145,ROOM-0145,2,100000,FALSE,경기 수원시 팔달구,ACTIVE,2026-01-02 10:00:23,,
146,977,무지출방146,ROOM-0146,5,37000,TRUE,서울 종로구,ACTIVE,2026-01-02 10:10:06,,
147,763,텅장탈출방147,ROOM-0147,3,35000,FALSE,서울 종로구,ACTIVE,2026-01-02 10:20:55,,
148,682,알뜰방148,ROOM-0148,2,93000,FALSE,경기 수원시 팔달구,ACTIVE,2026-01-02 10:30:32,,
149,218,근검절약방149,ROOM-0149,5,77000,TRUE,경기 수원시 팔달구,ENDED,2026-01-02 10:40:23,2026-01-03 15:40:23,
150,588,한푼두푼방150,ROOM-0150,5,26000,FALSE,서울 강남구,ACTIVE,2026-01-02 10:50:44,,
151,781,짠돌이방151,ROOM-0151,4,21000,TRUE,서울 마포구,ACTIVE,2026-01-02 11:00:25,,
152,72,절약왕방152,ROOM-0152,2,43000,TRUE,부산 해운대구,ACTIVE,2026-01-02 11:10:21,,
153,162,월급방어방153,ROOM-0153,4,41000,TRUE,서울 마포구,ACTIVE,2026-01-02 11:20:39,,
154,51,적금방154,ROOM-0154,5,128000,FALSE,대전 서구,ACTIVE,2026-01-02 11:30:17,,
155,221,가계부방155,ROOM-0155,4,130000,TRUE,경기 안양시 만안구,ACTIVE,2026-01-02 11:40:37,,
156,499,거지방156,ROOM-0156,4,31000,TRUE,부산 해운대구,ENDED,2026-01-02 11:50:03,2026-01-03 15:50:03,
157,309,짠테크방157,ROOM-0157,3,85000,FALSE,경기 수원시 팔달구,ACTIVE,2026-01-02 12:00:31,,
158,765,무지출방158,ROOM-0158,3,117000,TRUE,광주 서구,ACTIVE,2026-01-02 12:10:42,,
159,826,텅장탈출방159,ROOM-0159,5,30000,FALSE,서울 강남구,ACTIVE,2026-01-02 12:20:04,,
160,883,알뜰방160,ROOM-0160,5,123000,FALSE,경기 안양시 만안구,ACTIVE,2026-01-02 12:30:01,,
161,990,근검절약방161,ROOM-0161,6,137000,FALSE,서울 종로구,ACTIVE,2026-01-02 12:40:06,,
162,250,한푼두푼방162,ROOM-0162,5,40000,FALSE,경기 안양시 만안구,ENDED,2026-01-02 12:50:14,2026-01-05 15:50:14,
163,79,짠돌이방163,ROOM-0163,2,150000,TRUE,경기 수원시 팔달구,ACTIVE,2026-01-02 13:00:52,,
164,661,절약왕방164,ROOM-0164,2,57000,FALSE,서울 성동구,ACTIVE,2026-01-02 13:10:09,,
165,779,월급방어방165,ROOM-0165,5,138000,FALSE,대전 서구,ACTIVE,2026-01-02 13:20:39,,
166,331,적금방166,ROOM-0166,5,37000,FALSE,대구 중구,ACTIVE,2026-01-02 13:30:50,,
167,282,가계부방167,ROOM-0167,6,38000,FALSE,대구 중구,ACTIVE,2026-01-02 13:40:03,,
168,378,거지방168,ROOM-0168,2,149000,FALSE,대구 중구,ACTIVE,2026-01-02 13:50:50,,
169,757,짠테크방169,ROOM-0169,6,68000,FALSE,대전 서구,ACTIVE,2026-01-02 14:00:09,,
170,981,무지출방170,ROOM-0170,2,107000,TRUE,광주 서구,ACTIVE,2026-01-02 14:10:02,,
171,254,텅장탈출방171,ROOM-0171,6,60000,FALSE,경기 수원시 팔달구,ENDED,2026-01-02 14:20:24,2026-01-06 20:20:24,
172,696,알뜰방172,ROOM-0172,4,36000,FALSE,서울 종로구,ACTIVE,2026-01-02 14:30:24,,
173,291,근검절약방173,ROOM-0173,6,58000,FALSE,서울 종로구,ACTIVE,2026-01-02 14:40:09,,
174,939,한푼두푼방174,ROOM-0174,5,53000,TRUE,경기 안양시 만안구,ACTIVE,2026-01-02 14:50:41,,
175,811,짠돌이방175,ROOM-0175,3,43000,FALSE,광주 서구,ACTIVE,2026-01-02 15:00:23,,
176,317,절약왕방176,ROOM-0176,4,144000,TRUE,서울 성동구,ENDED,2026-01-02 15:10:09,2026-01-03 20:10:09,
177,865,월급방어방177,ROOM-0177,6,29000,FALSE,대전 서구,ACTIVE,2026-01-02 15:20:24,,
178,158,적금방178,ROOM-0178,6,62000,FALSE,서울 강남구,ACTIVE,2026-01-02 15:30:43,,
179,737,가계부방179,ROOM-0179,6,92000,FALSE,서울 성동구,ACTIVE,2026-01-02 15:40:19,,
180,989,거지방180,ROOM-0180,3,114000,FALSE,대구 중구,ENDED,2026-01-02 15:50:49,2026-01-07 00:50:49,
181,541,짠테크방181,ROOM-0181,3,55000,FALSE,서울 강남구,ACTIVE,2026-01-02 16:00:55,,
182,381,무지출방182,ROOM-0182,6,51000,FALSE,서울 종로구,ENDED,2026-01-02 16:10:17,2026-01-07 01:10:17,
183,151,텅장탈출방183,ROOM-0183,3,135000,FALSE,서울 강남구,ACTIVE,2026-01-02 16:20:25,,
184,515,알뜰방184,ROOM-0184,5,40000,FALSE,서울 성동구,ACTIVE,2026-01-02 16:30:59,,
185,102,근검절약방185,ROOM-0185,3,55000,TRUE,경기 안양시 만안구,ENDED,2026-01-02 16:40:30,2026-01-08 19:40:30,
186,778,한푼두푼방186,ROOM-0186,6,21000,TRUE,서울 강남구,ACTIVE,2026-01-02 16:50:53,,
187,154,짠돌이방187,ROOM-0187,6,128000,TRUE,경기 안양시 만안구,ACTIVE,2026-01-02 17:00:07,,
188,49,절약왕방188,ROOM-0188,6,137000,TRUE,서울 종로구,ENDED,2026-01-02 17:10:31,2026-01-08 02:10:31,
189,17,월급방어방189,ROOM-0189,3,56000,FALSE,부산 해운대구,ACTIVE,2026-01-02 17:20:22,,
190,247,적금방190,ROOM-0190,2,112000,TRUE,광주 서구,ACTIVE,2026-01-02 17:30:50,,
191,520,가계부방191,ROOM-0191,5,31000,FALSE,경기 수원시 팔달구,ACTIVE,2026-01-02 17:40:01,,
192,366,거지방192,ROOM-0192,3,46000,FALSE,서울 마포구,ACTIVE,2026-01-02 17:50:34,,
193,347,짠테크방193,ROOM-0193,5,142000,TRUE,서울 마포구,ACTIVE,2026-01-02 18:00:49,,
194,967,무지출방194,ROOM-0194,4,71000,TRUE,서울 성동구,ENDED,2026-01-02 18:10:20,2026-01-06 03:10:20,
195,408,텅장탈출방195,ROOM-0195,4,29000,TRUE,경기 안양시 만안구,ACTIVE,2026-01-02 18:20:49,,
196,49,알뜰방196,ROOM-0196,2,114000,FALSE,부산 해운대구,ENDED,2026-01-02 18:30:57,2026-01-07 00:30:57,
197,998,근검절약방197,ROOM-0197,5,114000,FALSE,서울 종로구,ENDED,2026-01-02 18:40:05,2026-01-07 04:40:05,
198,843,한푼두푼방198,ROOM-0198,4,102000,TRUE,서울 종로구,ACTIVE,2026-01-02 18:50:18,,
199,314,짠돌이방199,ROOM-0199,5,62000,FALSE,경기 수원시 팔달구,ACTIVE,2026-01-02 19:00:46,,
200,891,절약왕방200,ROOM-0200,5,90000,TRUE,서울 종로구,ACTIVE,2026-01-02 19:10:25,,
201,373,월급방어방201,ROOM-0201,3,27000,TRUE,대전 서구,ACTIVE,2026-01-02 19:20:28,,
202,36,적금방202,ROOM-0202,3,113000,FALSE,부산 해운대구,ENDED,2026-01-02 19:30:02,2026-01-07 22:30:02,
203,696,가계부방203,ROOM-0203,4,133000,TRUE,대전 서구,ACTIVE,2026-01-02 19:40:23,,
204,408,거지방204,ROOM-0204,4,83000,TRUE,서울 강남구,ENDED,2026-01-02 19:50:31,2026-01-08 02:50:31,
205,936,짠테크방205,ROOM-0205,4,134000,TRUE,대전 서구,ACTIVE,2026-01-02 20:00:58,,
206,503,무지출방206,ROOM-0206,3,38000,FALSE,서울 마포구,ENDED,2026-01-02 20:10:28,2026-01-04 07:10:28,
207,991,텅장탈출방207,ROOM-0207,4,36000,FALSE,경기 안양시 만안구,ENDED,2026-01-02 20:20:45,2026-01-09 08:20:45,
208,654,알뜰방208,ROOM-0208,4,150000,TRUE,서울 종로구,ENDED,2026-01-02 20:30:50,2026-01-05 00:30:50,
209,810,근검절약방209,ROOM-0209,4,114000,FALSE,광주 서구,ACTIVE,2026-01-02 20:40:56,,
210,89,한푼두푼방210,ROOM-0210,5,142000,FALSE,부산 해운대구,ENDED,2026-01-02 20:50:04,2026-01-05 02:50:04,
211,658,짠돌이방211,ROOM-0211,5,108000,TRUE,광주 서구,ACTIVE,2026-01-02 21:00:11,,
212,787,절약왕방212,ROOM-0212,6,34000,TRUE,광주 서구,ACTIVE,2026-01-02 21:10:10,,
213,166,월급방어방213,ROOM-0213,3,108000,FALSE,서울 종로구,ACTIVE,2026-01-02 21:20:40,,
214,980,적금방214,ROOM-0214,4,43000,TRUE,대전 서구,ENDED,2026-01-02 21:30:09,2026-01-05 08:30:09,
215,640,가계부방215,ROOM-0215,6,30000,TRUE,서울 종로구,ACTIVE,2026-01-02 21:40:41,,
216,790,거지방216,ROOM-0216,3,126000,TRUE,대구 중구,ENDED,2026-01-02 21:50:34,2026-01-06 08:50:34,
217,980,짠테크방217,ROOM-0217,3,123000,FALSE,대구 중구,ACTIVE,2026-01-02 22:00:03,,
218,162,무지출방218,ROOM-0218,5,138000,TRUE,경기 수원시 팔달구,ACTIVE,2026-01-02 22:10:20,,
219,883,텅장탈출방219,ROOM-0219,4,122000,TRUE,경기 수원시 팔달구,ACTIVE,2026-01-02 22:20:06,,
220,327,알뜰방220,ROOM-0220,2,88000,FALSE,서울 성동구,ACTIVE,2026-01-02 22:30:03,,
221,298,근검절약방221,ROOM-0221,6,127000,TRUE,서울 마포구,ENDED,2026-01-02 22:40:59,2026-01-08 10:40:59,
222,321,한푼두푼방222,ROOM-0222,3,147000,FALSE,대구 중구,ENDED,2026-01-02 22:50:31,2026-01-04 00:50:31,
223,968,짠돌이방223,ROOM-0223,5,81000,TRUE,대전 서구,ACTIVE,2026-01-02 23:00:03,,
224,289,절약왕방224,ROOM-0224,5,93000,TRUE,서울 종로구,ACTIVE,2026-01-02 23:10:56,,
225,271,월급방어방225,ROOM-0225,5,113000,TRUE,부산 해운대구,ACTIVE,2026-01-02 23:20:35,,
226,200,적금방226,ROOM-0226,4,38000,FALSE,광주 서구,ACTIVE,2026-01-02 23:30:35,,
227,287,가계부방227,ROOM-0227,2,120000,FALSE,경기 수원시 팔달구,ACTIVE,2026-01-02 23:40:23,,
228,774,거지방228,ROOM-0228,6,150000,FALSE,광주 서구,ACTIVE,2026-01-02 23:50:02,,
229,141,짠테크방229,ROOM-0229,5,136000,TRUE,대전 서구,ENDED,2026-01-03 00:00:08,2026-01-06 10:00:08,
230,327,무지출방230,ROOM-0230,6,96000,FALSE,광주 서구,ENDED,2026-01-03 00:10:34,2026-01-07 12:10:34,
231,577,텅장탈출방231,ROOM-0231,2,114000,FALSE,서울 종로구,ENDED,2026-01-03 00:20:37,2026-01-06 12:20:37,
232,894,알뜰방232,ROOM-0232,5,87000,TRUE,서울 강남구,ACTIVE,2026-01-03 00:30:10,,
233,537,근검절약방233,ROOM-0233,3,28000,TRUE,서울 성동구,ACTIVE,2026-01-03 00:40:20,,
234,429,한푼두푼방234,ROOM-0234,3,125000,FALSE,서울 강남구,ENDED,2026-01-03 00:50:33,2026-01-05 09:50:33,
235,333,짠돌이방235,ROOM-0235,5,100000,TRUE,대구 중구,ENDED,2026-01-03 01:00:21,2026-01-08 07:00:21,
236,693,절약왕방236,ROOM-0236,5,69000,TRUE,경기 안양시 만안구,ACTIVE,2026-01-03 01:10:14,,
237,965,월급방어방237,ROOM-0237,4,73000,FALSE,경기 수원시 팔달구,ACTIVE,2026-01-03 01:20:35,,
238,957,적금방238,ROOM-0238,2,117000,FALSE,경기 수원시 팔달구,ENDED,2026-01-03 01:30:51,2026-01-05 06:30:51,
239,44,가계부방239,ROOM-0239,2,108000,FALSE,경기 안양시 만안구,ENDED,2026-01-03 01:40:13,2026-01-05 10:40:13,
240,278,거지방240,ROOM-0240,2,81000,TRUE,서울 강남구,ACTIVE,2026-01-03 01:50:33,,
241,232,짠테크방241,ROOM-0241,2,125000,FALSE,대구 중구,ACTIVE,2026-01-03 02:00:49,,
242,141,무지출방242,ROOM-0242,3,124000,FALSE,대구 중구,ACTIVE,2026-01-03 02:10:48,,
243,988,텅장탈출방243,ROOM-0243,4,35000,TRUE,대전 서구,ACTIVE,2026-01-03 02:20:47,,
244,741,알뜰방244,ROOM-0244,5,65000,TRUE,부산 해운대구,ENDED,2026-01-03 02:30:11,2026-01-09 07:30:11,
245,898,근검절약방245,ROOM-0245,4,47000,FALSE,경기 안양시 만안구,ACTIVE,2026-01-03 02:40:41,,
246,557,한푼두푼방246,ROOM-0246,3,149000,FALSE,경기 안양시 만안구,ACTIVE,2026-01-03 02:50:07,,
247,339,짠돌이방247,ROOM-0247,5,85000,TRUE,서울 강남구,ENDED,2026-01-03 03:00:50,2026-01-06 13:00:50,
248,691,절약왕방248,ROOM-0248,6,123000,FALSE,광주 서구,ACTIVE,2026-01-03 03:10:25,,
249,686,월급방어방249,ROOM-0249,3,142000,FALSE,서울 성동구,ACTIVE,2026-01-03 03:20:24,,
250,242,적금방250,ROOM-0250,4,104000,FALSE,대전 서구,ENDED,2026-01-03 03:30:00,2026-01-06 14:30:00,
251,369,가계부방251,ROOM-0251,2,139000,FALSE,서울 마포구,ACTIVE,2026-01-03 03:40:32,,
252,946,거지방252,ROOM-0252,2,95000,FALSE,대전 서구,ACTIVE,2026-01-03 03:50:08,,
253,490,짠테크방253,ROOM-0253,6,115000,FALSE,광주 서구,ENDED,2026-01-03 04:00:48,2026-01-08 15:00:48,
254,846,무지출방254,ROOM-0254,3,40000,FALSE,광주 서구,ENDED,2026-01-03 04:10:04,2026-01-08 06:10:04,
255,64,텅장탈출방255,ROOM-0255,3,58000,TRUE,경기 수원시 팔달구,ENDED,2026-01-03 04:20:28,2026-01-04 15:20:28,
256,211,알뜰방256,ROOM-0256,6,134000,TRUE,대구 중구,ACTIVE,2026-01-03 04:30:26,,
257,468,근검절약방257,ROOM-0257,5,98000,TRUE,부산 해운대구,ACTIVE,2026-01-03 04:40:00,,
258,764,한푼두푼방258,ROOM-0258,2,31000,FALSE,경기 수원시 팔달구,ENDED,2026-01-03 04:50:34,2026-01-04 06:50:34,
259,957,짠돌이방259,ROOM-0259,4,124000,TRUE,서울 마포구,ENDED,2026-01-03 05:00:46,2026-01-09 12:00:46,
260,384,절약왕방260,ROOM-0260,5,116000,TRUE,광주 서구,ACTIVE,2026-01-03 05:10:55,,
261,357,월급방어방261,ROOM-0261,6,120000,TRUE,서울 성동구,ENDED,2026-01-03 05:20:48,2026-01-04 10:20:48,
262,475,적금방262,ROOM-0262,6,117000,TRUE,서울 성동구,ACTIVE,2026-01-03 05:30:09,,
263,283,가계부방263,ROOM-0263,2,28000,FALSE,대전 서구,ENDED,2026-01-03 05:40:56,2026-01-04 09:40:56,
264,212,거지방264,ROOM-0264,6,28000,FALSE,대전 서구,ACTIVE,2026-01-03 05:50:55,,
265,50,짠테크방265,ROOM-0265,2,122000,FALSE,서울 성동구,ACTIVE,2026-01-03 06:00:48,,
266,885,무지출방266,ROOM-0266,6,94000,TRUE,대전 서구,ACTIVE,2026-01-03 06:10:38,,
267,792,텅장탈출방267,ROOM-0267,4,56000,TRUE,부산 해운대구,ACTIVE,2026-01-03 06:20:03,,
268,571,알뜰방268,ROOM-0268,5,146000,TRUE,경기 수원시 팔달구,ENDED,2026-01-03 06:30:42,2026-01-07 15:30:42,
269,327,근검절약방269,ROOM-0269,3,96000,FALSE,서울 마포구,ENDED,2026-01-03 06:40:30,2026-01-05 10:40:30,
270,308,한푼두푼방270,ROOM-0270,5,34000,FALSE,부산 해운대구,ACTIVE,2026-01-03 06:50:08,,
271,398,짠돌이방271,ROOM-0271,3,104000,TRUE,대구 중구,ENDED,2026-01-03 07:00:05,2026-01-08 19:00:05,
272,850,절약왕방272,ROOM-0272,4,116000,TRUE,서울 종로구,ACTIVE,2026-01-03 07:10:48,,
273,602,월급방어방273,ROOM-0273,3,105000,FALSE,서울 강남구,ACTIVE,2026-01-03 07:20:12,,
274,986,적금방274,ROOM-0274,5,82000,TRUE,부산 해운대구,ENDED,2026-01-03 07:30:35,2026-01-06 12:30:35,
275,390,가계부방275,ROOM-0275,4,98000,FALSE,경기 수원시 팔달구,ACTIVE,2026-01-03 07:40:31,,
276,478,거지방276,ROOM-0276,5,101000,TRUE,경기 수원시 팔달구,ACTIVE,2026-01-03 07:50:02,,
277,577,짠테크방277,ROOM-0277,3,24000,FALSE,광주 서구,ENDED,2026-01-03 08:00:37,2026-01-09 15:00:37,
278,303,무지출방278,ROOM-0278,4,78000,FALSE,대전 서구,ENDED,2026-01-03 08:10:31,2026-01-08 19:10:31,
279,967,텅장탈출방279,ROOM-0279,5,145000,FALSE,서울 마포구,ENDED,2026-01-03 08:20:22,2026-01-05 11:20:22,
280,738,알뜰방280,ROOM-0280,3,35000,TRUE,서울 종로구,ENDED,2026-01-03 08:30:42,2026-01-04 09:30:42,
281,423,근검절약방281,ROOM-0281,3,37000,TRUE,서울 강남구,ACTIVE,2026-01-03 08:40:29,,
282,383,한푼두푼방282,ROOM-0282,6,143000,FALSE,서울 강남구,ACTIVE,2026-01-03 08:50:35,,
283,422,짠돌이방283,ROOM-0283,6,90000,FALSE,서울 강남구,ACTIVE,2026-01-03 09:00:44,,
284,691,절약왕방284,ROOM-0284,3,47000,TRUE,광주 서구,ACTIVE,2026-01-03 09:10:12,,
285,635,월급방어방285,ROOM-0285,4,88000,FALSE,서울 종로구,ACTIVE,2026-01-03 09:20:25,,
286,471,적금방286,ROOM-0286,3,96000,TRUE,서울 강남구,ACTIVE,2026-01-03 09:30:24,,
287,387,가계부방287,ROOM-0287,2,63000,TRUE,대구 중구,ENDED,2026-01-03 09:40:41,2026-01-10 15:40:41,
288,580,거지방288,ROOM-0288,2,78000,TRUE,대전 서구,ACTIVE,2026-01-03 09:50:02,,
289,947,짠테크방289,ROOM-0289,4,28000,TRUE,경기 수원시 팔달구,ACTIVE,2026-01-03 10:00:13,,
290,602,무지출방290,ROOM-0290,5,39000,FALSE,서울 마포구,ACTIVE,2026-01-03 10:10:36,,
291,855,텅장탈출방291,ROOM-0291,6,104000,FALSE,서울 마포구,ENDED,2026-01-03 10:20:44,2026-01-09 12:20:44,
292,513,알뜰방292,ROOM-0292,2,131000,TRUE,서울 종로구,ACTIVE,2026-01-03 10:30:49,,
293,629,근검절약방293,ROOM-0293,4,27000,FALSE,대구 중구,ACTIVE,2026-01-03 10:40:22,,
294,567,한푼두푼방294,ROOM-0294,3,117000,TRUE,대전 서구,ACTIVE,2026-01-03 10:50:15,,
295,731,짠돌이방295,ROOM-0295,4,59000,FALSE,서울 마포구,ENDED,2026-01-03 11:00:20,2026-01-06 13:00:20,
296,94,절약왕방296,ROOM-0296,5,112000,FALSE,서울 종로구,ACTIVE,2026-01-03 11:10:11,,
297,442,월급방어방297,ROOM-0297,6,124000,TRUE,서울 강남구,ACTIVE,2026-01-03 11:20:35,,
298,96,적금방298,ROOM-0298,5,23000,FALSE,부산 해운대구,ACTIVE,2026-01-03 11:30:05,,
299,743,가계부방299,ROOM-0299,6,63000,FALSE,서울 마포구,ACTIVE,2026-01-03 11:40:19,,
300,275,거지방300,ROOM-0300,2,62000,FALSE,경기 안양시 만안구,ACTIVE,2026-01-03 11:50:30,,
301,802,짠테크방301,ROOM-0301,4,83000,FALSE,대전 서구,ACTIVE,2026-01-03 12:00:29,,
302,110,무지출방302,ROOM-0302,2,121000,FALSE,대전 서구,ACTIVE,2026-01-03 12:10:55,,
303,338,텅장탈출방303,ROOM-0303,5,54000,FALSE,경기 수원시 팔달구,ACTIVE,2026-01-03 12:20:44,,
304,206,알뜰방304,ROOM-0304,3,121000,FALSE,경기 안양시 만안구,ENDED,2026-01-03 12:30:40,2026-01-07 22:30:40,
305,801,근검절약방305,ROOM-0305,5,91000,FALSE,경기 수원시 팔달구,ACTIVE,2026-01-03 12:40:36,,
306,205,한푼두푼방306,ROOM-0306,6,26000,FALSE,서울 성동구,ACTIVE,2026-01-03 12:50:18,,
307,852,짠돌이방307,ROOM-0307,5,147000,TRUE,경기 안양시 만안구,ACTIVE,2026-01-03 13:00:42,,
308,158,절약왕방308,ROOM-0308,5,38000,FALSE,대전 서구,ACTIVE,2026-01-03 13:10:25,,
309,548,월급방어방309,ROOM-0309,5,29000,FALSE,광주 서구,ACTIVE,2026-01-03 13:20:58,,
310,88,적금방310,ROOM-0310,3,110000,TRUE,대전 서구,ACTIVE,2026-01-03 13:30:41,,
311,694,가계부방311,ROOM-0311,4,130000,TRUE,서울 강남구,ACTIVE,2026-01-03 13:40:14,,
312,523,거지방312,ROOM-0312,6,76000,FALSE,경기 수원시 팔달구,ACTIVE,2026-01-03 13:50:49,,
313,696,짠테크방313,ROOM-0313,4,26000,FALSE,서울 종로구,ACTIVE,2026-01-03 14:00:58,,
314,985,무지출방314,ROOM-0314,3,109000,FALSE,경기 수원시 팔달구,ACTIVE,2026-01-03 14:10:13,,
315,534,텅장탈출방315,ROOM-0315,5,44000,FALSE,대구 중구,ACTIVE,2026-01-03 14:20:19,,
316,46,알뜰방316,ROOM-0316,4,47000,TRUE,서울 성동구,ACTIVE,2026-01-03 14:30:35,,
317,164,근검절약방317,ROOM-0317,5,138000,TRUE,부산 해운대구,ACTIVE,2026-01-03 14:40:11,,
318,656,한푼두푼방318,ROOM-0318,2,70000,FALSE,대전 서구,ACTIVE,2026-01-03 14:50:00,,
319,722,짠돌이방319,ROOM-0319,4,36000,TRUE,광주 서구,ACTIVE,2026-01-03 15:00:20,,
320,202,절약왕방320,ROOM-0320,4,145000,FALSE,대전 서구,ACTIVE,2026-01-03 15:10:25,,
321,602,월급방어방321,ROOM-0321,4,137000,TRUE,경기 안양시 만안구,ENDED,2026-01-03 15:20:37,2026-01-05 02:20:37,
322,138,적금방322,ROOM-0322,3,98000,TRUE,서울 마포구,ACTIVE,2026-01-03 15:30:09,,
323,524,가계부방323,ROOM-0323,6,55000,FALSE,부산 해운대구,ACTIVE,2026-01-03 15:40:40,,
324,551,거지방324,ROOM-0324,3,145000,FALSE,서울 마포구,ACTIVE,2026-01-03 15:50:53,,
325,462,짠테크방325,ROOM-0325,4,22000,FALSE,서울 마포구,ACTIVE,2026-01-03 16:00:24,,
326,987,무지출방326,ROOM-0326,5,124000,FALSE,부산 해운대구,ENDED,2026-01-03 16:10:28,2026-01-07 19:10:28,
327,85,텅장탈출방327,ROOM-0327,3,94000,TRUE,경기 안양시 만안구,ACTIVE,2026-01-03 16:20:18,,
328,173,알뜰방328,ROOM-0328,5,150000,TRUE,대전 서구,ACTIVE,2026-01-03 16:30:49,,
329,557,근검절약방329,ROOM-0329,2,132000,TRUE,부산 해운대구,ACTIVE,2026-01-03 16:40:53,,
330,670,한푼두푼방330,ROOM-0330,2,135000,FALSE,경기 수원시 팔달구,ENDED,2026-01-03 16:50:05,2026-01-07 18:50:05,
331,795,짠돌이방331,ROOM-0331,6,109000,FALSE,서울 마포구,ACTIVE,2026-01-03 17:00:50,,
332,212,절약왕방332,ROOM-0332,2,109000,FALSE,대전 서구,ACTIVE,2026-01-03 17:10:20,,
333,721,월급방어방333,ROOM-0333,6,88000,TRUE,서울 마포구,ENDED,2026-01-03 17:20:50,2026-01-07 18:20:50,
334,284,적금방334,ROOM-0334,3,83000,TRUE,경기 수원시 팔달구,ENDED,2026-01-03 17:30:48,2026-01-11 04:30:48,
335,403,가계부방335,ROOM-0335,6,88000,FALSE,부산 해운대구,ACTIVE,2026-01-03 17:40:40,,
336,814,거지방336,ROOM-0336,6,91000,FALSE,대구 중구,ENDED,2026-01-03 17:50:20,2026-01-08 18:50:20,
337,890,짠테크방337,ROOM-0337,5,111000,TRUE,광주 서구,ACTIVE,2026-01-03 18:00:27,,
338,845,무지출방338,ROOM-0338,4,102000,FALSE,경기 수원시 팔달구,ACTIVE,2026-01-03 18:10:08,,
339,580,텅장탈출방339,ROOM-0339,4,32000,TRUE,서울 종로구,ACTIVE,2026-01-03 18:20:53,,
340,471,알뜰방340,ROOM-0340,3,132000,FALSE,서울 강남구,ENDED,2026-01-03 18:30:27,2026-01-06 06:30:27,
341,932,근검절약방341,ROOM-0341,4,60000,FALSE,서울 종로구,ACTIVE,2026-01-03 18:40:16,,
342,85,한푼두푼방342,ROOM-0342,3,33000,FALSE,경기 안양시 만안구,ENDED,2026-01-03 18:50:48,2026-01-06 01:50:48,
343,672,짠돌이방343,ROOM-0343,2,20000,TRUE,대구 중구,ACTIVE,2026-01-03 19:00:37,,
344,232,절약왕방344,ROOM-0344,5,22000,TRUE,경기 수원시 팔달구,ENDED,2026-01-03 19:10:55,2026-01-08 07:10:55,
345,136,월급방어방345,ROOM-0345,3,118000,TRUE,서울 종로구,ACTIVE,2026-01-03 19:20:23,,
346,903,적금방346,ROOM-0346,5,54000,TRUE,서울 종로구,ACTIVE,2026-01-03 19:30:00,,
347,625,가계부방347,ROOM-0347,4,74000,TRUE,부산 해운대구,ACTIVE,2026-01-03 19:40:28,,
348,881,거지방348,ROOM-0348,2,55000,TRUE,대전 서구,ENDED,2026-01-03 19:50:22,2026-01-08 01:50:22,
349,811,짠테크방349,ROOM-0349,4,41000,TRUE,광주 서구,ACTIVE,2026-01-03 20:00:46,,
350,623,무지출방350,ROOM-0350,2,97000,TRUE,광주 서구,ACTIVE,2026-01-03 20:10:12,,
351,766,텅장탈출방351,ROOM-0351,2,81000,FALSE,부산 해운대구,ACTIVE,2026-01-03 20:20:31,,
352,654,알뜰방352,ROOM-0352,2,112000,FALSE,서울 마포구,ACTIVE,2026-01-03 20:30:53,,
353,583,근검절약방353,ROOM-0353,6,64000,FALSE,서울 종로구,ACTIVE,2026-01-03 20:40:04,,
354,15,한푼두푼방354,ROOM-0354,2,35000,FALSE,광주 서구,ACTIVE,2026-01-03 20:50:45,,
355,514,짠돌이방355,ROOM-0355,5,41000,TRUE,경기 안양시 만안구,ACTIVE,2026-01-03 21:00:05,,
356,524,절약왕방356,ROOM-0356,3,103000,FALSE,대전 서구,ACTIVE,2026-01-03 21:10:53,,
357,666,월급방어방357,ROOM-0357,5,81000,TRUE,서울 성동구,ACTIVE,2026-01-03 21:20:27,,
358,119,적금방358,ROOM-0358,6,34000,FALSE,서울 마포구,ACTIVE,2026-01-03 21:30:45,,
359,141,가계부방359,ROOM-0359,5,108000,FALSE,서울 마포구,ACTIVE,2026-01-03 21:40:47,,
360,800,거지방360,ROOM-0360,2,27000,FALSE,부산 해운대구,ACTIVE,2026-01-03 21:50:04,,
361,270,짠테크방361,ROOM-0361,5,150000,FALSE,서울 강남구,ACTIVE,2026-01-03 22:00:36,,
362,171,무지출방362,ROOM-0362,4,46000,TRUE,서울 성동구,ENDED,2026-01-03 22:10:00,2026-01-04 23:10:00,
363,251,텅장탈출방363,ROOM-0363,4,118000,TRUE,서울 마포구,ENDED,2026-01-03 22:20:54,2026-01-05 07:20:54,
364,823,알뜰방364,ROOM-0364,4,83000,FALSE,경기 수원시 팔달구,ACTIVE,2026-01-03 22:30:04,,
365,586,근검절약방365,ROOM-0365,6,33000,TRUE,서울 성동구,ENDED,2026-01-03 22:40:02,2026-01-08 00:40:02,
366,899,한푼두푼방366,ROOM-0366,4,99000,FALSE,서울 종로구,ACTIVE,2026-01-03 22:50:00,,
367,378,짠돌이방367,ROOM-0367,6,97000,TRUE,대구 중구,ACTIVE,2026-01-03 23:00:31,,
368,792,절약왕방368,ROOM-0368,6,82000,TRUE,서울 강남구,ENDED,2026-01-03 23:10:01,2026-01-06 08:10:01,
369,355,월급방어방369,ROOM-0369,2,116000,FALSE,서울 종로구,ACTIVE,2026-01-03 23:20:15,,
370,430,적금방370,ROOM-0370,3,91000,TRUE,서울 강남구,ENDED,2026-01-03 23:30:57,2026-01-11 08:30:57,
371,423,가계부방371,ROOM-0371,2,44000,TRUE,부산 해운대구,ACTIVE,2026-01-03 23:40:36,,
372,64,거지방372,ROOM-0372,3,80000,FALSE,경기 안양시 만안구,ENDED,2026-01-03 23:50:59,2026-01-11 06:50:59,
373,718,짠테크방373,ROOM-0373,5,89000,TRUE,서울 종로구,ENDED,2026-01-04 00:00:08,2026-01-11 10:00:08,
374,112,무지출방374,ROOM-0374,3,135000,FALSE,경기 수원시 팔달구,ACTIVE,2026-01-04 00:10:34,,
375,367,텅장탈출방375,ROOM-0375,4,138000,FALSE,서울 종로구,ACTIVE,2026-01-04 00:20:51,,
376,703,알뜰방376,ROOM-0376,6,30000,TRUE,경기 수원시 팔달구,ACTIVE,2026-01-04 00:30:45,,
377,255,근검절약방377,ROOM-0377,6,32000,FALSE,경기 안양시 만안구,ENDED,2026-01-04 00:40:11,2026-01-05 07:40:11,
378,876,한푼두푼방378,ROOM-0378,6,83000,TRUE,대구 중구,ACTIVE,2026-01-04 00:50:50,,
379,144,짠돌이방379,ROOM-0379,2,76000,TRUE,서울 성동구,ENDED,2026-01-04 01:00:23,2026-01-10 12:00:23,
380,961,절약왕방380,ROOM-0380,6,86000,TRUE,서울 강남구,ENDED,2026-01-04 01:10:12,2026-01-10 09:10:12,
381,829,월급방어방381,ROOM-0381,4,51000,TRUE,대구 중구,ACTIVE,2026-01-04 01:20:59,,
382,588,적금방382,ROOM-0382,5,147000,TRUE,부산 해운대구,ACTIVE,2026-01-04 01:30:11,,
383,363,가계부방383,ROOM-0383,4,91000,FALSE,서울 마포구,ACTIVE,2026-01-04 01:40:39,,
384,632,거지방384,ROOM-0384,4,147000,FALSE,광주 서구,ACTIVE,2026-01-04 01:50:05,,
385,287,짠테크방385,ROOM-0385,5,71000,TRUE,광주 서구,ENDED,2026-01-04 02:00:24,2026-01-11 14:00:24,
386,368,무지출방386,ROOM-0386,5,108000,FALSE,부산 해운대구,ACTIVE,2026-01-04 02:10:01,,
387,327,텅장탈출방387,ROOM-0387,4,34000,FALSE,광주 서구,ACTIVE,2026-01-04 02:20:37,,
388,239,알뜰방388,ROOM-0388,3,81000,FALSE,광주 서구,ENDED,2026-01-04 02:30:58,2026-01-10 03:30:58,
389,783,근검절약방389,ROOM-0389,5,110000,TRUE,서울 마포구,ACTIVE,2026-01-04 02:40:20,,
390,826,한푼두푼방390,ROOM-0390,2,110000,TRUE,대전 서구,ENDED,2026-01-04 02:50:53,2026-01-11 10:50:53,
391,556,짠돌이방391,ROOM-0391,5,29000,TRUE,서울 강남구,ACTIVE,2026-01-04 03:00:14,,
392,21,절약왕방392,ROOM-0392,2,104000,TRUE,서울 마포구,ACTIVE,2026-01-04 03:10:11,,
393,941,월급방어방393,ROOM-0393,2,57000,TRUE,서울 종로구,ENDED,2026-01-04 03:20:55,2026-01-07 05:20:55,
394,383,적금방394,ROOM-0394,2,106000,FALSE,경기 수원시 팔달구,ACTIVE,2026-01-04 03:30:10,,
395,750,가계부방395,ROOM-0395,5,101000,TRUE,광주 서구,ACTIVE,2026-01-04 03:40:59,,
396,629,거지방396,ROOM-0396,6,64000,FALSE,경기 안양시 만안구,ENDED,2026-01-04 03:50:18,2026-01-06 06:50:18,
397,747,짠테크방397,ROOM-0397,6,120000,TRUE,서울 마포구,ACTIVE,2026-01-04 04:00:58,,
398,829,무지출방398,ROOM-0398,6,46000,FALSE,서울 마포구,ACTIVE,2026-01-04 04:10:04,,
399,244,텅장탈출방399,ROOM-0399,3,42000,FALSE,대구 중구,ACTIVE,2026-01-04 04:20:13,,
400,256,알뜰방400,ROOM-0400,4,47000,TRUE,서울 강남구,ACTIVE,2026-01-04 04:30:46,,
401,430,근검절약방401,ROOM-0401,5,116000,FALSE,광주 서구,ACTIVE,2026-01-04 04:40:53,,
402,491,한푼두푼방402,ROOM-0402,5,38000,TRUE,경기 안양시 만안구,ACTIVE,2026-01-04 04:50:16,,
403,975,짠돌이방403,ROOM-0403,4,63000,FALSE,서울 마포구,ENDED,2026-01-04 05:00:35,2026-01-05 11:00:35,
404,609,절약왕방404,ROOM-0404,2,130000,TRUE,대전 서구,ENDED,2026-01-04 05:10:10,2026-01-05 07:10:10,
405,340,월급방어방405,ROOM-0405,5,87000,FALSE,경기 안양시 만안구,ACTIVE,2026-01-04 05:20:03,,
406,403,적금방406,ROOM-0406,2,112000,TRUE,부산 해운대구,ACTIVE,2026-01-04 05:30:52,,
407,678,가계부방407,ROOM-0407,2,26000,TRUE,서울 마포구,ACTIVE,2026-01-04 05:40:05,,
408,485,거지방408,ROOM-0408,5,140000,FALSE,경기 안양시 만안구,ACTIVE,2026-01-04 05:50:34,,
409,397,짠테크방409,ROOM-0409,5,114000,TRUE,대구 중구,ACTIVE,2026-01-04 06:00:28,,
410,477,무지출방410,ROOM-0410,4,35000,TRUE,서울 종로구,ACTIVE,2026-01-04 06:10:22,,
411,828,텅장탈출방411,ROOM-0411,6,78000,TRUE,부산 해운대구,ENDED,2026-01-04 06:20:26,2026-01-09 17:20:26,
412,888,알뜰방412,ROOM-0412,3,141000,FALSE,서울 종로구,ACTIVE,2026-01-04 06:30:54,,
413,732,근검절약방413,ROOM-0413,6,57000,TRUE,대구 중구,ACTIVE,2026-01-04 06:40:10,,
414,996,한푼두푼방414,ROOM-0414,3,52000,TRUE,부산 해운대구,ACTIVE,2026-01-04 06:50:43,,
415,446,짠돌이방415,ROOM-0415,3,86000,FALSE,서울 종로구,ACTIVE,2026-01-04 07:00:35,,
416,407,절약왕방416,ROOM-0416,4,137000,TRUE,대전 서구,ACTIVE,2026-01-04 07:10:50,,
417,430,월급방어방417,ROOM-0417,3,57000,TRUE,서울 종로구,ACTIVE,2026-01-04 07:20:06,,
418,805,적금방418,ROOM-0418,6,108000,FALSE,경기 안양시 만안구,ACTIVE,2026-01-04 07:30:31,,
419,586,가계부방419,ROOM-0419,3,90000,FALSE,서울 마포구,ACTIVE,2026-01-04 07:40:43,,
420,711,거지방420,ROOM-0420,5,104000,TRUE,서울 강남구,ENDED,2026-01-04 07:50:58,2026-01-07 13:50:58,
421,21,짠테크방421,ROOM-0421,4,99000,FALSE,대구 중구,ENDED,2026-01-04 08:00:43,2026-01-05 12:00:43,
422,138,무지출방422,ROOM-0422,5,102000,FALSE,부산 해운대구,ACTIVE,2026-01-04 08:10:05,,
423,193,텅장탈출방423,ROOM-0423,5,144000,FALSE,서울 강남구,ACTIVE,2026-01-04 08:20:10,,
424,68,알뜰방424,ROOM-0424,6,123000,TRUE,광주 서구,ENDED,2026-01-04 08:30:01,2026-01-06 12:30:01,
425,897,근검절약방425,ROOM-0425,2,83000,TRUE,대구 중구,ACTIVE,2026-01-04 08:40:23,,
426,722,한푼두푼방426,ROOM-0426,4,138000,FALSE,서울 종로구,ACTIVE,2026-01-04 08:50:15,,
427,382,짠돌이방427,ROOM-0427,5,65000,FALSE,대전 서구,ACTIVE,2026-01-04 09:00:22,,
428,168,절약왕방428,ROOM-0428,2,92000,TRUE,부산 해운대구,ACTIVE,2026-01-04 09:10:54,,
429,586,월급방어방429,ROOM-0429,3,77000,TRUE,경기 안양시 만안구,ACTIVE,2026-01-04 09:20:32,,
430,21,적금방430,ROOM-0430,3,64000,TRUE,서울 성동구,ACTIVE,2026-01-04 09:30:51,,
431,966,가계부방431,ROOM-0431,4,128000,FALSE,경기 수원시 팔달구,ACTIVE,2026-01-04 09:40:13,,
432,478,거지방432,ROOM-0432,6,121000,TRUE,서울 강남구,ACTIVE,2026-01-04 09:50:42,,
433,990,짠테크방433,ROOM-0433,6,92000,FALSE,서울 종로구,ACTIVE,2026-01-04 10:00:21,,
434,284,무지출방434,ROOM-0434,4,86000,FALSE,서울 성동구,ACTIVE,2026-01-04 10:10:48,,
435,247,텅장탈출방435,ROOM-0435,6,123000,FALSE,서울 마포구,ENDED,2026-01-04 10:20:41,2026-01-08 15:20:41,
436,266,알뜰방436,ROOM-0436,5,29000,TRUE,경기 수원시 팔달구,ENDED,2026-01-04 10:30:14,2026-01-10 19:30:14,
437,654,근검절약방437,ROOM-0437,4,149000,FALSE,서울 마포구,ENDED,2026-01-04 10:40:56,2026-01-09 13:40:56,
438,301,한푼두푼방438,ROOM-0438,3,86000,TRUE,경기 수원시 팔달구,ACTIVE,2026-01-04 10:50:14,,
439,364,짠돌이방439,ROOM-0439,4,127000,FALSE,경기 수원시 팔달구,ACTIVE,2026-01-04 11:00:18,,
440,475,절약왕방440,ROOM-0440,2,38000,FALSE,서울 성동구,ACTIVE,2026-01-04 11:10:55,,
441,698,월급방어방441,ROOM-0441,4,125000,TRUE,서울 마포구,ACTIVE,2026-01-04 11:20:12,,
442,351,적금방442,ROOM-0442,5,56000,FALSE,서울 마포구,ENDED,2026-01-04 11:30:31,2026-01-07 22:30:31,
443,182,가계부방443,ROOM-0443,2,21000,FALSE,경기 안양시 만안구,ACTIVE,2026-01-04 11:40:49,,
444,173,거지방444,ROOM-0444,2,53000,FALSE,부산 해운대구,ACTIVE,2026-01-04 11:50:30,,
445,393,짠테크방445,ROOM-0445,6,71000,FALSE,서울 강남구,ENDED,2026-01-04 12:00:48,2026-01-11 21:00:48,
446,196,무지출방446,ROOM-0446,2,83000,TRUE,경기 수원시 팔달구,ACTIVE,2026-01-04 12:10:06,,
447,393,텅장탈출방447,ROOM-0447,4,62000,TRUE,서울 강남구,ACTIVE,2026-01-04 12:20:18,,
448,467,알뜰방448,ROOM-0448,6,106000,FALSE,서울 마포구,ACTIVE,2026-01-04 12:30:57,,
449,502,근검절약방449,ROOM-0449,3,62000,FALSE,서울 강남구,ACTIVE,2026-01-04 12:40:46,,
450,135,한푼두푼방450,ROOM-0450,2,149000,TRUE,서울 종로구,ACTIVE,2026-01-04 12:50:41,,
451,812,짠돌이방451,ROOM-0451,4,32000,TRUE,서울 종로구,ACTIVE,2026-01-04 13:00:01,,
452,50,절약왕방452,ROOM-0452,5,117000,TRUE,광주 서구,ACTIVE,2026-01-04 13:10:44,,
453,157,월급방어방453,ROOM-0453,2,97000,FALSE,서울 종로구,ACTIVE,2026-01-04 13:20:17,,
454,638,적금방454,ROOM-0454,2,150000,TRUE,경기 안양시 만안구,ACTIVE,2026-01-04 13:30:06,,
455,510,가계부방455,ROOM-0455,3,87000,TRUE,경기 수원시 팔달구,ENDED,2026-01-04 13:40:18,2026-01-06 14:40:18,
456,562,거지방456,ROOM-0456,5,104000,TRUE,서울 강남구,ACTIVE,2026-01-04 13:50:05,,
457,929,짠테크방457,ROOM-0457,6,146000,TRUE,서울 종로구,ENDED,2026-01-04 14:00:04,2026-01-11 02:00:04,
458,104,무지출방458,ROOM-0458,3,136000,FALSE,경기 안양시 만안구,ACTIVE,2026-01-04 14:10:06,,
459,833,텅장탈출방459,ROOM-0459,2,94000,FALSE,경기 수원시 팔달구,ACTIVE,2026-01-04 14:20:07,,
460,98,알뜰방460,ROOM-0460,3,63000,FALSE,경기 수원시 팔달구,ENDED,2026-01-04 14:30:39,2026-01-08 02:30:39,
461,96,근검절약방461,ROOM-0461,4,66000,TRUE,부산 해운대구,ACTIVE,2026-01-04 14:40:29,,
462,279,한푼두푼방462,ROOM-0462,5,127000,TRUE,서울 종로구,ACTIVE,2026-01-04 14:50:46,,
463,61,짠돌이방463,ROOM-0463,5,143000,FALSE,서울 마포구,ACTIVE,2026-01-04 15:00:49,,
464,368,절약왕방464,ROOM-0464,3,143000,FALSE,서울 종로구,ENDED,2026-01-04 15:10:28,2026-01-05 17:10:28,
465,268,월급방어방465,ROOM-0465,6,77000,FALSE,광주 서구,ACTIVE,2026-01-04 15:20:44,,
466,634,적금방466,ROOM-0466,3,143000,FALSE,부산 해운대구,ACTIVE,2026-01-04 15:30:52,,
467,572,가계부방467,ROOM-0467,3,149000,FALSE,대구 중구,ENDED,2026-01-04 15:40:04,2026-01-11 23:40:04,
468,329,거지방468,ROOM-0468,4,32000,TRUE,광주 서구,ACTIVE,2026-01-04 15:50:25,,
469,837,짠테크방469,ROOM-0469,5,133000,FALSE,서울 종로구,ENDED,2026-01-04 16:00:28,2026-01-07 18:00:28,
470,510,무지출방470,ROOM-0470,5,125000,TRUE,광주 서구,ACTIVE,2026-01-04 16:10:52,,
471,94,텅장탈출방471,ROOM-0471,6,72000,FALSE,경기 수원시 팔달구,ACTIVE,2026-01-04 16:20:03,,
472,837,알뜰방472,ROOM-0472,5,104000,FALSE,경기 수원시 팔달구,ENDED,2026-01-04 16:30:07,2026-01-06 03:30:07,
473,228,근검절약방473,ROOM-0473,4,94000,FALSE,서울 종로구,ACTIVE,2026-01-04 16:40:10,,
474,505,한푼두푼방474,ROOM-0474,5,47000,FALSE,대전 서구,ACTIVE,2026-01-04 16:50:07,,
475,953,짠돌이방475,ROOM-0475,5,68000,FALSE,서울 종로구,ENDED,2026-01-04 17:00:02,2026-01-11 04:00:02,
476,603,절약왕방476,ROOM-0476,5,137000,TRUE,대구 중구,ACTIVE,2026-01-04 17:10:47,,
477,50,월급방어방477,ROOM-0477,6,143000,TRUE,대전 서구,ACTIVE,2026-01-04 17:20:52,,
478,132,적금방478,ROOM-0478,6,102000,FALSE,부산 해운대구,ENDED,2026-01-04 17:30:58,2026-01-10 21:30:58,
479,281,가계부방479,ROOM-0479,4,135000,TRUE,서울 마포구,ACTIVE,2026-01-04 17:40:44,,
480,908,거지방480,ROOM-0480,6,100000,TRUE,서울 성동구,ACTIVE,2026-01-04 17:50:45,,
481,298,짠테크방481,ROOM-0481,3,65000,FALSE,서울 종로구,ENDED,2026-01-04 18:00:35,2026-01-09 04:00:35,
482,585,무지출방482,ROOM-0482,6,93000,FALSE,서울 강남구,ACTIVE,2026-01-04 18:10:01,,
483,391,텅장탈출방483,ROOM-0483,2,71000,FALSE,서울 마포구,ENDED,2026-01-04 18:20:43,2026-01-07 21:20:43,
484,860,알뜰방484,ROOM-0484,4,72000,TRUE,경기 수원시 팔달구,ENDED,2026-01-04 18:30:06,2026-01-10 05:30:06,
485,758,근검절약방485,ROOM-0485,6,119000,TRUE,광주 서구,ENDED,2026-01-04 18:40:51,2026-01-10 23:40:51,
486,710,한푼두푼방486,ROOM-0486,5,126000,FALSE,광주 서구,ACTIVE,2026-01-04 18:50:47,,
487,258,짠돌이방487,ROOM-0487,5,77000,FALSE,대전 서구,ACTIVE,2026-01-04 19:00:38,,
488,202,절약왕방488,ROOM-0488,5,65000,TRUE,서울 마포구,ENDED,2026-01-04 19:10:47,2026-01-09 21:10:47,
489,387,월급방어방489,ROOM-0489,4,87000,TRUE,서울 마포구,ACTIVE,2026-01-04 19:20:16,,
490,6,적금방490,ROOM-0490,3,30000,TRUE,경기 수원시 팔달구,ACTIVE,2026-01-04 19:30:49,,
491,955,가계부방491,ROOM-0491,6,111000,TRUE,경기 수원시 팔달구,ACTIVE,2026-01-04 19:40:11,,
492,534,거지방492,ROOM-0492,6,60000,FALSE,광주 서구,ACTIVE,2026-01-04 19:50:05,,
493,358,짠테크방493,ROOM-0493,4,104000,FALSE,경기 안양시 만안구,ACTIVE,2026-01-04 20:00:48,,
494,634,무지출방494,ROOM-0494,6,22000,TRUE,경기 수원시 팔달구,ACTIVE,2026-01-04 20:10:57,,
495,658,텅장탈출방495,ROOM-0495,4,117000,TRUE,부산 해운대구,ACTIVE,2026-01-04 20:20:46,,
496,290,알뜰방496,ROOM-0496,4,150000,FALSE,대구 중구,ACTIVE,2026-01-04 20:30:57,,
497,668,근검절약방497,ROOM-0497,6,41000,TRUE,서울 마포구,ENDED,2026-01-04 20:40:49,2026-01-10 05:40:49,
498,8,한푼두푼방498,ROOM-0498,3,128000,TRUE,서울 성동구,ACTIVE,2026-01-04 20:50:44,,
499,900,짠돌이방499,ROOM-0499,2,59000,TRUE,대구 중구,ENDED,2026-01-04 21:00:02,2026-01-05 23:00:02,
500,56,절약왕방500,ROOM-0500,4,38000,TRUE,경기 안양시 만안구,ACTIVE,2026-01-04 21:10:28,,
501,646,월급방어방501,ROOM-0501,4,24000,FALSE,서울 종로구,ACTIVE,2026-01-04 21:20:41,,
502,738,적금방502,ROOM-0502,6,31000,TRUE,경기 수원시 팔달구,ENDED,2026-01-04 21:30:06,2026-01-08 08:30:06,
503,309,가계부방503,ROOM-0503,5,117000,FALSE,서울 강남구,ACTIVE,2026-01-04 21:40:34,,
504,226,거지방504,ROOM-0504,5,95000,TRUE,경기 안양시 만안구,ACTIVE,2026-01-04 21:50:58,,
505,989,짠테크방505,ROOM-0505,6,56000,TRUE,서울 강남구,ACTIVE,2026-01-04 22:00:38,,
506,404,무지출방506,ROOM-0506,2,98000,TRUE,경기 수원시 팔달구,ACTIVE,2026-01-04 22:10:57,,
507,662,텅장탈출방507,ROOM-0507,3,67000,TRUE,대전 서구,ENDED,2026-01-04 22:20:12,2026-01-06 01:20:12,
508,688,알뜰방508,ROOM-0508,6,138000,TRUE,경기 안양시 만안구,ACTIVE,2026-01-04 22:30:16,,
509,101,근검절약방509,ROOM-0509,6,144000,FALSE,경기 수원시 팔달구,ACTIVE,2026-01-04 22:40:41,,
510,241,한푼두푼방510,ROOM-0510,6,37000,TRUE,경기 수원시 팔달구,ACTIVE,2026-01-04 22:50:21,,
511,632,짠돌이방511,ROOM-0511,6,59000,FALSE,경기 수원시 팔달구,ENDED,2026-01-04 23:00:10,2026-01-06 05:00:10,
512,253,절약왕방512,ROOM-0512,5,90000,FALSE,서울 마포구,ACTIVE,2026-01-04 23:10:21,,
513,899,월급방어방513,ROOM-0513,5,111000,FALSE,대구 중구,ACTIVE,2026-01-04 23:20:11,,
514,662,적금방514,ROOM-0514,4,55000,TRUE,경기 안양시 만안구,ENDED,2026-01-04 23:30:40,2026-01-06 11:30:40,
515,78,가계부방515,ROOM-0515,6,27000,FALSE,대전 서구,ACTIVE,2026-01-04 23:40:02,,
516,565,거지방516,ROOM-0516,6,140000,TRUE,경기 수원시 팔달구,ACTIVE,2026-01-04 23:50:57,,
517,791,짠테크방517,ROOM-0517,5,148000,TRUE,부산 해운대구,ACTIVE,2026-01-05 00:00:00,,
518,679,무지출방518,ROOM-0518,6,62000,TRUE,대구 중구,ACTIVE,2026-01-05 00:10:36,,
519,972,텅장탈출방519,ROOM-0519,5,111000,TRUE,서울 성동구,ENDED,2026-01-05 00:20:14,2026-01-06 05:20:14,
520,379,알뜰방520,ROOM-0520,3,112000,FALSE,대구 중구,ENDED,2026-01-05 00:30:56,2026-01-06 01:30:56,
521,665,근검절약방521,ROOM-0521,6,90000,FALSE,대전 서구,ACTIVE,2026-01-05 00:40:11,,
522,386,한푼두푼방522,ROOM-0522,6,39000,FALSE,부산 해운대구,ENDED,2026-01-05 00:50:14,2026-01-10 07:50:14,
523,362,짠돌이방523,ROOM-0523,5,21000,TRUE,대구 중구,ACTIVE,2026-01-05 01:00:04,,
524,527,절약왕방524,ROOM-0524,3,67000,TRUE,경기 수원시 팔달구,ACTIVE,2026-01-05 01:10:52,,
525,122,월급방어방525,ROOM-0525,4,49000,FALSE,대구 중구,ACTIVE,2026-01-05 01:20:37,,
526,166,적금방526,ROOM-0526,3,31000,TRUE,대전 서구,ACTIVE,2026-01-05 01:30:08,,
527,645,가계부방527,ROOM-0527,6,57000,TRUE,서울 마포구,ACTIVE,2026-01-05 01:40:11,,
528,530,거지방528,ROOM-0528,6,24000,FALSE,서울 종로구,ACTIVE,2026-01-05 01:50:38,,
529,483,짠테크방529,ROOM-0529,3,125000,TRUE,대전 서구,ENDED,2026-01-05 02:00:11,2026-01-10 13:00:11,
530,524,무지출방530,ROOM-0530,4,136000,TRUE,서울 성동구,ACTIVE,2026-01-05 02:10:08,,
531,112,텅장탈출방531,ROOM-0531,6,149000,FALSE,서울 마포구,ACTIVE,2026-01-05 02:20:11,,
532,488,알뜰방532,ROOM-0532,6,148000,TRUE,서울 종로구,ACTIVE,2026-01-05 02:30:08,,
533,924,근검절약방533,ROOM-0533,2,130000,FALSE,경기 수원시 팔달구,ENDED,2026-01-05 02:40:44,2026-01-10 09:40:44,
534,235,한푼두푼방534,ROOM-0534,5,109000,TRUE,부산 해운대구,ACTIVE,2026-01-05 02:50:30,,
535,785,짠돌이방535,ROOM-0535,2,92000,FALSE,경기 안양시 만안구,ACTIVE,2026-01-05 03:00:45,,
536,762,절약왕방536,ROOM-0536,6,50000,TRUE,부산 해운대구,ACTIVE,2026-01-05 03:10:44,,
537,824,월급방어방537,ROOM-0537,4,47000,TRUE,부산 해운대구,ACTIVE,2026-01-05 03:20:16,,
538,268,적금방538,ROOM-0538,6,113000,FALSE,부산 해운대구,ENDED,2026-01-05 03:30:26,2026-01-10 12:30:26,
539,495,가계부방539,ROOM-0539,6,143000,FALSE,경기 안양시 만안구,ACTIVE,2026-01-05 03:40:49,,
540,723,거지방540,ROOM-0540,3,50000,TRUE,대구 중구,ENDED,2026-01-05 03:50:10,2026-01-06 07:50:10,
541,521,짠테크방541,ROOM-0541,4,33000,TRUE,부산 해운대구,ENDED,2026-01-05 04:00:00,2026-01-12 06:00:00,
542,844,무지출방542,ROOM-0542,6,131000,TRUE,서울 종로구,ACTIVE,2026-01-05 04:10:23,,
543,82,텅장탈출방543,ROOM-0543,5,122000,FALSE,대전 서구,ACTIVE,2026-01-05 04:20:49,,
544,840,알뜰방544,ROOM-0544,5,132000,TRUE,서울 성동구,ENDED,2026-01-05 04:30:59,2026-01-12 13:30:59,
545,293,근검절약방545,ROOM-0545,6,150000,TRUE,대전 서구,ACTIVE,2026-01-05 04:40:02,,
546,369,한푼두푼방546,ROOM-0546,2,60000,TRUE,경기 안양시 만안구,ENDED,2026-01-05 04:50:22,2026-01-11 11:50:22,
547,416,짠돌이방547,ROOM-0547,2,37000,TRUE,광주 서구,ACTIVE,2026-01-05 05:00:53,,
548,573,절약왕방548,ROOM-0548,4,77000,TRUE,대구 중구,ENDED,2026-01-05 05:10:36,2026-01-06 10:10:36,
549,180,월급방어방549,ROOM-0549,2,38000,FALSE,경기 수원시 팔달구,ENDED,2026-01-05 05:20:51,2026-01-10 10:20:51,
550,898,적금방550,ROOM-0550,6,84000,FALSE,부산 해운대구,ACTIVE,2026-01-05 05:30:49,,
551,250,가계부방551,ROOM-0551,5,137000,TRUE,대구 중구,ACTIVE,2026-01-05 05:40:04,,
552,392,거지방552,ROOM-0552,3,100000,FALSE,경기 수원시 팔달구,ACTIVE,2026-01-05 05:50:00,,
553,718,짠테크방553,ROOM-0553,4,43000,FALSE,경기 수원시 팔달구,ACTIVE,2026-01-05 06:00:59,,
554,183,무지출방554,ROOM-0554,4,75000,FALSE,서울 마포구,ENDED,2026-01-05 06:10:43,2026-01-07 14:10:43,
555,755,텅장탈출방555,ROOM-0555,3,87000,TRUE,서울 성동구,ACTIVE,2026-01-05 06:20:15,,
556,857,알뜰방556,ROOM-0556,2,50000,TRUE,대구 중구,ACTIVE,2026-01-05 06:30:48,,
557,878,근검절약방557,ROOM-0557,5,115000,FALSE,대구 중구,ENDED,2026-01-05 06:40:56,2026-01-10 11:40:56,
558,503,한푼두푼방558,ROOM-0558,6,91000,FALSE,서울 성동구,ENDED,2026-01-05 06:50:08,2026-01-06 15:50:08,
559,819,짠돌이방559,ROOM-0559,6,28000,FALSE,부산 해운대구,ENDED,2026-01-05 07:00:49,2026-01-07 15:00:49,
560,1000,절약왕방560,ROOM-0560,6,137000,FALSE,서울 강남구,ACTIVE,2026-01-05 07:10:13,,
561,389,월급방어방561,ROOM-0561,4,86000,TRUE,광주 서구,ACTIVE,2026-01-05 07:20:17,,
562,483,적금방562,ROOM-0562,3,147000,FALSE,서울 성동구,ACTIVE,2026-01-05 07:30:48,,
563,382,가계부방563,ROOM-0563,5,91000,FALSE,서울 마포구,ACTIVE,2026-01-05 07:40:36,,
564,703,거지방564,ROOM-0564,2,89000,TRUE,광주 서구,ACTIVE,2026-01-05 07:50:24,,
565,201,짠테크방565,ROOM-0565,3,141000,TRUE,서울 마포구,ACTIVE,2026-01-05 08:00:08,,
566,915,무지출방566,ROOM-0566,4,144000,FALSE,경기 안양시 만안구,ACTIVE,2026-01-05 08:10:36,,
567,49,텅장탈출방567,ROOM-0567,3,35000,TRUE,경기 안양시 만안구,ACTIVE,2026-01-05 08:20:40,,
568,99,알뜰방568,ROOM-0568,4,86000,FALSE,경기 수원시 팔달구,ACTIVE,2026-01-05 08:30:59,,
569,830,근검절약방569,ROOM-0569,2,125000,TRUE,경기 수원시 팔달구,ENDED,2026-01-05 08:40:38,2026-01-07 18:40:38,
570,590,한푼두푼방570,ROOM-0570,4,110000,FALSE,광주 서구,ACTIVE,2026-01-05 08:50:47,,
571,458,짠돌이방571,ROOM-0571,6,93000,FALSE,서울 마포구,ENDED,2026-01-05 09:00:40,2026-01-12 15:00:40,
572,432,절약왕방572,ROOM-0572,2,40000,TRUE,경기 수원시 팔달구,ACTIVE,2026-01-05 09:10:20,,
573,669,월급방어방573,ROOM-0573,4,121000,FALSE,대구 중구,ENDED,2026-01-05 09:20:23,2026-01-11 19:20:23,
574,534,적금방574,ROOM-0574,3,67000,TRUE,서울 마포구,ENDED,2026-01-05 09:30:42,2026-01-08 21:30:42,
575,718,가계부방575,ROOM-0575,3,121000,TRUE,서울 종로구,ACTIVE,2026-01-05 09:40:56,,
576,485,거지방576,ROOM-0576,2,121000,TRUE,서울 종로구,ACTIVE,2026-01-05 09:50:09,,
577,87,짠테크방577,ROOM-0577,3,83000,FALSE,대구 중구,ACTIVE,2026-01-05 10:00:08,,
578,540,무지출방578,ROOM-0578,2,111000,FALSE,대구 중구,ACTIVE,2026-01-05 10:10:55,,
579,554,텅장탈출방579,ROOM-0579,5,54000,TRUE,대전 서구,ACTIVE,2026-01-05 10:20:40,,
580,767,알뜰방580,ROOM-0580,6,99000,FALSE,대구 중구,ACTIVE,2026-01-05 10:30:51,,
581,92,근검절약방581,ROOM-0581,4,125000,FALSE,서울 마포구,ACTIVE,2026-01-05 10:40:00,,
582,536,한푼두푼방582,ROOM-0582,4,140000,TRUE,대구 중구,ENDED,2026-01-05 10:50:30,2026-01-08 11:50:30,
583,785,짠돌이방583,ROOM-0583,4,79000,TRUE,광주 서구,ACTIVE,2026-01-05 11:00:26,,
584,904,절약왕방584,ROOM-0584,3,61000,FALSE,부산 해운대구,ACTIVE,2026-01-05 11:10:05,,
585,433,월급방어방585,ROOM-0585,6,89000,FALSE,광주 서구,ENDED,2026-01-05 11:20:26,2026-01-07 13:20:26,
586,187,적금방586,ROOM-0586,2,136000,FALSE,경기 안양시 만안구,ENDED,2026-01-05 11:30:31,2026-01-07 17:30:31,
587,20,가계부방587,ROOM-0587,6,25000,TRUE,서울 종로구,ACTIVE,2026-01-05 11:40:08,,
588,733,거지방588,ROOM-0588,2,79000,TRUE,서울 마포구,ACTIVE,2026-01-05 11:50:13,,
589,351,짠테크방589,ROOM-0589,5,115000,FALSE,서울 강남구,ACTIVE,2026-01-05 12:00:53,,
590,769,무지출방590,ROOM-0590,4,120000,TRUE,광주 서구,ACTIVE,2026-01-05 12:10:12,,
591,918,텅장탈출방591,ROOM-0591,5,23000,TRUE,서울 성동구,ACTIVE,2026-01-05 12:20:28,,
592,254,알뜰방592,ROOM-0592,5,44000,TRUE,대구 중구,ACTIVE,2026-01-05 12:30:19,,
593,959,근검절약방593,ROOM-0593,2,51000,FALSE,대구 중구,ACTIVE,2026-01-05 12:40:12,,
594,370,한푼두푼방594,ROOM-0594,3,48000,TRUE,부산 해운대구,ACTIVE,2026-01-05 12:50:10,,
595,814,짠돌이방595,ROOM-0595,2,121000,TRUE,서울 강남구,ENDED,2026-01-05 13:00:37,2026-01-13 01:00:37,
596,487,절약왕방596,ROOM-0596,2,83000,TRUE,대구 중구,ACTIVE,2026-01-05 13:10:39,,
597,347,월급방어방597,ROOM-0597,4,59000,TRUE,서울 마포구,ACTIVE,2026-01-05 13:20:20,,
598,572,적금방598,ROOM-0598,5,69000,TRUE,부산 해운대구,ACTIVE,2026-01-05 13:30:08,,
599,257,가계부방599,ROOM-0599,5,95000,FALSE,서울 성동구,ACTIVE,2026-01-05 13:40:34,,
600,357,거지방600,ROOM-0600,5,90000,TRUE,서울 종로구,ACTIVE,2026-01-05 13:50:28,,
601,303,짠테크방601,ROOM-0601,4,136000,TRUE,광주 서구,ACTIVE,2026-01-05 14:00:11,,
602,905,무지출방602,ROOM-0602,4,81000,FALSE,서울 종로구,ACTIVE,2026-01-05 14:10:34,,
603,839,텅장탈출방603,ROOM-0603,6,147000,TRUE,대전 서구,ACTIVE,2026-01-05 14:20:26,,
604,657,알뜰방604,ROOM-0604,2,37000,TRUE,서울 마포구,ACTIVE,2026-01-05 14:30:02,,
605,207,근검절약방605,ROOM-0605,3,45000,TRUE,대전 서구,ACTIVE,2026-01-05 14:40:24,,
606,674,한푼두푼방606,ROOM-0606,6,85000,TRUE,경기 수원시 팔달구,ACTIVE,2026-01-05 14:50:45,,
607,73,짠돌이방607,ROOM-0607,5,40000,FALSE,서울 강남구,ACTIVE,2026-01-05 15:00:47,,
608,961,절약왕방608,ROOM-0608,4,34000,FALSE,광주 서구,ACTIVE,2026-01-05 15:10:04,,
609,855,월급방어방609,ROOM-0609,3,44000,TRUE,서울 성동구,ACTIVE,2026-01-05 15:20:12,,
610,198,적금방610,ROOM-0610,3,65000,FALSE,서울 종로구,ENDED,2026-01-05 15:30:36,2026-01-09 02:30:36,
611,470,가계부방611,ROOM-0611,3,66000,FALSE,광주 서구,ACTIVE,2026-01-05 15:40:10,,
612,547,거지방612,ROOM-0612,4,103000,FALSE,부산 해운대구,ENDED,2026-01-05 15:50:27,2026-01-13 03:50:27,
613,332,짠테크방613,ROOM-0613,6,74000,FALSE,광주 서구,ENDED,2026-01-05 16:00:16,2026-01-09 00:00:16,
614,459,무지출방614,ROOM-0614,2,92000,TRUE,광주 서구,ACTIVE,2026-01-05 16:10:56,,
615,310,텅장탈출방615,ROOM-0615,3,74000,FALSE,서울 강남구,ENDED,2026-01-05 16:20:44,2026-01-12 21:20:44,
616,942,알뜰방616,ROOM-0616,6,59000,TRUE,서울 강남구,ACTIVE,2026-01-05 16:30:09,,
617,142,근검절약방617,ROOM-0617,6,83000,TRUE,경기 안양시 만안구,ENDED,2026-01-05 16:40:05,2026-01-10 23:40:05,
618,583,한푼두푼방618,ROOM-0618,2,103000,FALSE,서울 마포구,ACTIVE,2026-01-05 16:50:57,,
619,707,짠돌이방619,ROOM-0619,4,29000,FALSE,서울 종로구,ENDED,2026-01-05 17:00:58,2026-01-12 23:00:58,
620,357,절약왕방620,ROOM-0620,2,78000,TRUE,부산 해운대구,ACTIVE,2026-01-05 17:10:33,,
621,43,월급방어방621,ROOM-0621,6,58000,FALSE,광주 서구,ACTIVE,2026-01-05 17:20:09,,
622,52,적금방622,ROOM-0622,6,149000,TRUE,서울 성동구,ACTIVE,2026-01-05 17:30:50,,
623,404,가계부방623,ROOM-0623,4,41000,FALSE,대전 서구,ENDED,2026-01-05 17:40:35,2026-01-09 22:40:35,
624,88,거지방624,ROOM-0624,5,53000,TRUE,대구 중구,ACTIVE,2026-01-05 17:50:31,,
625,405,짠테크방625,ROOM-0625,6,83000,TRUE,서울 종로구,ACTIVE,2026-01-05 18:00:27,,
626,332,무지출방626,ROOM-0626,5,128000,FALSE,경기 수원시 팔달구,ACTIVE,2026-01-05 18:10:22,,
627,609,텅장탈출방627,ROOM-0627,4,63000,FALSE,대전 서구,ENDED,2026-01-05 18:20:51,2026-01-10 04:20:51,
628,150,알뜰방628,ROOM-0628,3,71000,FALSE,서울 마포구,ENDED,2026-01-05 18:30:54,2026-01-06 20:30:54,
629,758,근검절약방629,ROOM-0629,6,57000,FALSE,서울 강남구,ACTIVE,2026-01-05 18:40:51,,
630,114,한푼두푼방630,ROOM-0630,5,25000,FALSE,서울 성동구,ENDED,2026-01-05 18:50:13,2026-01-08 03:50:13,
631,536,짠돌이방631,ROOM-0631,5,56000,TRUE,부산 해운대구,ACTIVE,2026-01-05 19:00:42,,
632,540,절약왕방632,ROOM-0632,3,35000,FALSE,서울 성동구,ENDED,2026-01-05 19:10:39,2026-01-08 20:10:39,
633,477,월급방어방633,ROOM-0633,5,89000,FALSE,서울 종로구,ACTIVE,2026-01-05 19:20:55,,
634,905,적금방634,ROOM-0634,5,150000,TRUE,경기 수원시 팔달구,ACTIVE,2026-01-05 19:30:38,,
635,545,가계부방635,ROOM-0635,3,148000,FALSE,광주 서구,ENDED,2026-01-05 19:40:01,2026-01-06 23:40:01,
636,945,거지방636,ROOM-0636,4,145000,FALSE,서울 마포구,ACTIVE,2026-01-05 19:50:43,,
637,361,짠테크방637,ROOM-0637,4,80000,FALSE,서울 강남구,ACTIVE,2026-01-05 20:00:56,,
638,397,무지출방638,ROOM-0638,4,77000,TRUE,경기 수원시 팔달구,ENDED,2026-01-05 20:10:42,2026-01-07 22:10:42,
639,748,텅장탈출방639,ROOM-0639,6,78000,FALSE,서울 성동구,ACTIVE,2026-01-05 20:20:27,,
640,994,알뜰방640,ROOM-0640,4,134000,TRUE,서울 성동구,ACTIVE,2026-01-05 20:30:37,,
641,555,근검절약방641,ROOM-0641,3,99000,TRUE,부산 해운대구,ENDED,2026-01-05 20:40:49,2026-01-08 07:40:49,
642,956,한푼두푼방642,ROOM-0642,2,50000,TRUE,경기 수원시 팔달구,ENDED,2026-01-05 20:50:09,2026-01-11 21:50:09,
643,784,짠돌이방643,ROOM-0643,5,97000,FALSE,경기 안양시 만안구,ACTIVE,2026-01-05 21:00:12,,
644,110,절약왕방644,ROOM-0644,2,88000,TRUE,대전 서구,ACTIVE,2026-01-05 21:10:43,,
645,27,월급방어방645,ROOM-0645,5,54000,FALSE,경기 수원시 팔달구,ACTIVE,2026-01-05 21:20:24,,
646,504,적금방646,ROOM-0646,3,69000,TRUE,서울 강남구,ACTIVE,2026-01-05 21:30:00,,
647,948,가계부방647,ROOM-0647,3,71000,TRUE,서울 종로구,ACTIVE,2026-01-05 21:40:28,,
648,888,거지방648,ROOM-0648,4,137000,TRUE,부산 해운대구,ACTIVE,2026-01-05 21:50:02,,
649,623,짠테크방649,ROOM-0649,4,120000,TRUE,광주 서구,ACTIVE,2026-01-05 22:00:29,,
650,847,무지출방650,ROOM-0650,3,121000,TRUE,광주 서구,ACTIVE,2026-01-05 22:10:48,,
651,646,텅장탈출방651,ROOM-0651,4,132000,FALSE,경기 안양시 만안구,ENDED,2026-01-05 22:20:18,2026-01-10 01:20:18,
652,433,알뜰방652,ROOM-0652,2,56000,FALSE,대구 중구,ACTIVE,2026-01-05 22:30:32,,
653,116,근검절약방653,ROOM-0653,6,54000,FALSE,부산 해운대구,ACTIVE,2026-01-05 22:40:01,,
654,184,한푼두푼방654,ROOM-0654,3,136000,TRUE,경기 안양시 만안구,ACTIVE,2026-01-05 22:50:41,,
655,929,짠돌이방655,ROOM-0655,2,43000,TRUE,대구 중구,ACTIVE,2026-01-05 23:00:05,,
656,537,절약왕방656,ROOM-0656,6,60000,FALSE,광주 서구,ACTIVE,2026-01-05 23:10:49,,
657,175,월급방어방657,ROOM-0657,3,61000,TRUE,서울 마포구,ENDED,2026-01-05 23:20:03,2026-01-10 04:20:03,
658,317,적금방658,ROOM-0658,3,50000,TRUE,서울 성동구,ACTIVE,2026-01-05 23:30:48,,
659,260,가계부방659,ROOM-0659,5,147000,TRUE,대전 서구,ENDED,2026-01-05 23:40:15,2026-01-08 09:40:15,
660,676,거지방660,ROOM-0660,5,133000,TRUE,대전 서구,ACTIVE,2026-01-05 23:50:15,,
661,904,짠테크방661,ROOM-0661,6,73000,TRUE,서울 마포구,ACTIVE,2026-01-06 00:00:41,,
662,358,무지출방662,ROOM-0662,2,96000,FALSE,서울 종로구,ACTIVE,2026-01-06 00:10:26,,
663,183,텅장탈출방663,ROOM-0663,4,65000,FALSE,대전 서구,ACTIVE,2026-01-06 00:20:02,,
664,96,알뜰방664,ROOM-0664,4,117000,TRUE,부산 해운대구,ENDED,2026-01-06 00:30:04,2026-01-09 08:30:04,
665,138,근검절약방665,ROOM-0665,4,104000,FALSE,광주 서구,ACTIVE,2026-01-06 00:40:13,,
666,627,한푼두푼방666,ROOM-0666,6,42000,FALSE,대전 서구,ENDED,2026-01-06 00:50:45,2026-01-09 07:50:45,
667,624,짠돌이방667,ROOM-0667,6,110000,TRUE,대전 서구,ACTIVE,2026-01-06 01:00:33,,
668,747,절약왕방668,ROOM-0668,3,79000,FALSE,서울 성동구,ACTIVE,2026-01-06 01:10:01,,
669,477,월급방어방669,ROOM-0669,3,126000,FALSE,서울 강남구,ACTIVE,2026-01-06 01:20:35,,
670,826,적금방670,ROOM-0670,3,92000,FALSE,서울 종로구,ACTIVE,2026-01-06 01:30:32,,
671,564,가계부방671,ROOM-0671,2,49000,FALSE,경기 수원시 팔달구,ACTIVE,2026-01-06 01:40:36,,
672,631,거지방672,ROOM-0672,3,69000,FALSE,경기 수원시 팔달구,ENDED,2026-01-06 01:50:30,2026-01-10 02:50:30,
673,662,짠테크방673,ROOM-0673,3,137000,FALSE,대구 중구,ENDED,2026-01-06 02:00:26,2026-01-12 03:00:26,
674,856,무지출방674,ROOM-0674,6,100000,TRUE,서울 성동구,ACTIVE,2026-01-06 02:10:21,,
675,819,텅장탈출방675,ROOM-0675,3,91000,TRUE,경기 수원시 팔달구,ENDED,2026-01-06 02:20:40,2026-01-11 05:20:40,
676,585,알뜰방676,ROOM-0676,6,49000,FALSE,경기 수원시 팔달구,ENDED,2026-01-06 02:30:17,2026-01-10 04:30:17,
677,509,근검절약방677,ROOM-0677,5,97000,TRUE,광주 서구,ACTIVE,2026-01-06 02:40:07,,
678,384,한푼두푼방678,ROOM-0678,3,43000,FALSE,광주 서구,ACTIVE,2026-01-06 02:50:30,,
679,927,짠돌이방679,ROOM-0679,3,107000,FALSE,광주 서구,ACTIVE,2026-01-06 03:00:20,,
680,147,절약왕방680,ROOM-0680,6,53000,TRUE,서울 강남구,ACTIVE,2026-01-06 03:10:45,,
681,886,월급방어방681,ROOM-0681,2,99000,TRUE,대전 서구,ENDED,2026-01-06 03:20:21,2026-01-10 04:20:21,
682,106,적금방682,ROOM-0682,4,25000,FALSE,서울 성동구,ACTIVE,2026-01-06 03:30:12,,
683,294,가계부방683,ROOM-0683,4,132000,TRUE,경기 안양시 만안구,ACTIVE,2026-01-06 03:40:17,,
684,118,거지방684,ROOM-0684,6,46000,TRUE,광주 서구,ACTIVE,2026-01-06 03:50:20,,
685,278,짠테크방685,ROOM-0685,4,82000,TRUE,서울 종로구,ACTIVE,2026-01-06 04:00:57,,
686,347,무지출방686,ROOM-0686,2,53000,TRUE,대구 중구,ENDED,2026-01-06 04:10:03,2026-01-07 11:10:03,
687,56,텅장탈출방687,ROOM-0687,5,65000,FALSE,대전 서구,ACTIVE,2026-01-06 04:20:21,,
688,838,알뜰방688,ROOM-0688,6,40000,FALSE,대전 서구,ACTIVE,2026-01-06 04:30:52,,
689,822,근검절약방689,ROOM-0689,5,99000,FALSE,대구 중구,ACTIVE,2026-01-06 04:40:14,,
690,148,한푼두푼방690,ROOM-0690,5,66000,FALSE,경기 수원시 팔달구,ACTIVE,2026-01-06 04:50:01,,
691,67,짠돌이방691,ROOM-0691,4,142000,FALSE,서울 마포구,ACTIVE,2026-01-06 05:00:22,,
692,619,절약왕방692,ROOM-0692,2,123000,TRUE,경기 수원시 팔달구,ACTIVE,2026-01-06 05:10:04,,
693,812,월급방어방693,ROOM-0693,5,122000,FALSE,서울 성동구,ACTIVE,2026-01-06 05:20:35,,
694,163,적금방694,ROOM-0694,2,107000,TRUE,대전 서구,ACTIVE,2026-01-06 05:30:27,,
695,581,가계부방695,ROOM-0695,3,64000,TRUE,대전 서구,ENDED,2026-01-06 05:40:07,2026-01-11 15:40:07,
696,475,거지방696,ROOM-0696,2,133000,TRUE,경기 안양시 만안구,ENDED,2026-01-06 05:50:04,2026-01-11 07:50:04,
697,702,짠테크방697,ROOM-0697,5,35000,TRUE,서울 성동구,ENDED,2026-01-06 06:00:56,2026-01-11 17:00:56,
698,830,무지출방698,ROOM-0698,3,58000,FALSE,광주 서구,ACTIVE,2026-01-06 06:10:39,,
699,592,텅장탈출방699,ROOM-0699,3,101000,FALSE,대전 서구,ENDED,2026-01-06 06:20:43,2026-01-09 13:20:43,
700,736,알뜰방700,ROOM-0700,6,22000,FALSE,서울 마포구,ENDED,2026-01-06 06:30:03,2026-01-09 15:30:03,
701,992,근검절약방701,ROOM-0701,6,111000,TRUE,경기 안양시 만안구,ENDED,2026-01-06 06:40:15,2026-01-10 18:40:15,
702,605,한푼두푼방702,ROOM-0702,4,117000,FALSE,부산 해운대구,ACTIVE,2026-01-06 06:50:13,,
703,679,짠돌이방703,ROOM-0703,3,68000,FALSE,경기 수원시 팔달구,ENDED,2026-01-06 07:00:09,2026-01-09 18:00:09,
704,129,절약왕방704,ROOM-0704,2,24000,TRUE,대구 중구,ACTIVE,2026-01-06 07:10:08,,
705,87,월급방어방705,ROOM-0705,5,136000,FALSE,대전 서구,ACTIVE,2026-01-06 07:20:32,,
706,435,적금방706,ROOM-0706,4,77000,TRUE,부산 해운대구,ACTIVE,2026-01-06 07:30:36,,
707,511,가계부방707,ROOM-0707,6,88000,FALSE,광주 서구,ACTIVE,2026-01-06 07:40:02,,
708,39,거지방708,ROOM-0708,4,48000,FALSE,서울 종로구,ACTIVE,2026-01-06 07:50:46,,
709,540,짠테크방709,ROOM-0709,6,40000,TRUE,서울 성동구,ACTIVE,2026-01-06 08:00:47,,
710,680,무지출방710,ROOM-0710,6,99000,TRUE,경기 수원시 팔달구,ACTIVE,2026-01-06 08:10:00,,
711,481,텅장탈출방711,ROOM-0711,5,104000,FALSE,경기 수원시 팔달구,ENDED,2026-01-06 08:20:51,2026-01-09 13:20:51,
712,172,알뜰방712,ROOM-0712,6,97000,FALSE,서울 강남구,ACTIVE,2026-01-06 08:30:37,,
713,174,근검절약방713,ROOM-0713,4,26000,FALSE,대구 중구,ACTIVE,2026-01-06 08:40:32,,
714,79,한푼두푼방714,ROOM-0714,3,91000,FALSE,경기 안양시 만안구,ACTIVE,2026-01-06 08:50:07,,
715,619,짠돌이방715,ROOM-0715,3,134000,FALSE,서울 마포구,ACTIVE,2026-01-06 09:00:44,,
716,242,절약왕방716,ROOM-0716,6,28000,FALSE,서울 종로구,ENDED,2026-01-06 09:10:38,2026-01-13 12:10:38,
717,858,월급방어방717,ROOM-0717,5,118000,TRUE,대구 중구,ENDED,2026-01-06 09:20:10,2026-01-08 19:20:10,
718,752,적금방718,ROOM-0718,4,49000,TRUE,서울 마포구,ACTIVE,2026-01-06 09:30:30,,
719,309,가계부방719,ROOM-0719,6,79000,FALSE,부산 해운대구,ACTIVE,2026-01-06 09:40:09,,
720,544,거지방720,ROOM-0720,4,134000,FALSE,경기 수원시 팔달구,ENDED,2026-01-06 09:50:43,2026-01-07 11:50:43,
721,940,짠테크방721,ROOM-0721,4,130000,FALSE,경기 수원시 팔달구,ACTIVE,2026-01-06 10:00:51,,
722,101,무지출방722,ROOM-0722,6,120000,FALSE,서울 성동구,ENDED,2026-01-06 10:10:37,2026-01-13 14:10:37,
723,533,텅장탈출방723,ROOM-0723,3,100000,TRUE,서울 강남구,ENDED,2026-01-06 10:20:00,2026-01-10 12:20:00,
724,538,알뜰방724,ROOM-0724,5,109000,TRUE,경기 안양시 만안구,ACTIVE,2026-01-06 10:30:02,,
725,25,근검절약방725,ROOM-0725,6,75000,TRUE,서울 종로구,ACTIVE,2026-01-06 10:40:38,,
726,134,한푼두푼방726,ROOM-0726,6,67000,TRUE,서울 마포구,ACTIVE,2026-01-06 10:50:29,,
727,677,짠돌이방727,ROOM-0727,5,90000,FALSE,경기 수원시 팔달구,ACTIVE,2026-01-06 11:00:49,,
728,76,절약왕방728,ROOM-0728,2,117000,FALSE,경기 수원시 팔달구,ENDED,2026-01-06 11:10:16,2026-01-13 16:10:16,
729,183,월급방어방729,ROOM-0729,5,71000,FALSE,서울 마포구,ACTIVE,2026-01-06 11:20:06,,
730,148,적금방730,ROOM-0730,5,75000,TRUE,대구 중구,ENDED,2026-01-06 11:30:06,2026-01-07 13:30:06,
731,73,가계부방731,ROOM-0731,5,24000,FALSE,서울 마포구,ACTIVE,2026-01-06 11:40:00,,
732,956,거지방732,ROOM-0732,5,88000,TRUE,경기 수원시 팔달구,ENDED,2026-01-06 11:50:36,2026-01-07 20:50:36,
733,725,짠테크방733,ROOM-0733,5,123000,TRUE,광주 서구,ACTIVE,2026-01-06 12:00:24,,
734,978,무지출방734,ROOM-0734,6,111000,FALSE,경기 안양시 만안구,ACTIVE,2026-01-06 12:10:40,,
735,982,텅장탈출방735,ROOM-0735,6,107000,TRUE,대구 중구,ENDED,2026-01-06 12:20:18,2026-01-12 16:20:18,
736,181,알뜰방736,ROOM-0736,3,96000,FALSE,서울 종로구,ACTIVE,2026-01-06 12:30:22,,
737,499,근검절약방737,ROOM-0737,5,68000,TRUE,서울 강남구,ACTIVE,2026-01-06 12:40:46,,
738,608,한푼두푼방738,ROOM-0738,5,36000,FALSE,대구 중구,ACTIVE,2026-01-06 12:50:53,,
739,832,짠돌이방739,ROOM-0739,2,106000,TRUE,경기 수원시 팔달구,ENDED,2026-01-06 13:00:02,2026-01-10 15:00:02,
740,217,절약왕방740,ROOM-0740,6,58000,TRUE,서울 종로구,ACTIVE,2026-01-06 13:10:09,,
741,501,월급방어방741,ROOM-0741,6,31000,TRUE,서울 마포구,ACTIVE,2026-01-06 13:20:40,,
742,52,적금방742,ROOM-0742,2,136000,TRUE,대전 서구,ACTIVE,2026-01-06 13:30:52,,
743,109,가계부방743,ROOM-0743,6,76000,TRUE,서울 성동구,ACTIVE,2026-01-06 13:40:51,,
744,856,거지방744,ROOM-0744,2,55000,FALSE,서울 성동구,ENDED,2026-01-06 13:50:37,2026-01-08 19:50:37,
745,65,짠테크방745,ROOM-0745,3,126000,TRUE,경기 수원시 팔달구,ACTIVE,2026-01-06 14:00:28,,
746,250,무지출방746,ROOM-0746,2,116000,TRUE,서울 강남구,ENDED,2026-01-06 14:10:05,2026-01-07 15:10:05,
747,184,텅장탈출방747,ROOM-0747,6,92000,FALSE,대구 중구,ACTIVE,2026-01-06 14:20:13,,
748,147,알뜰방748,ROOM-0748,5,125000,TRUE,서울 마포구,ACTIVE,2026-01-06 14:30:02,,
749,611,근검절약방749,ROOM-0749,5,42000,FALSE,경기 수원시 팔달구,ACTIVE,2026-01-06 14:40:35,,
750,242,한푼두푼방750,ROOM-0750,6,44000,FALSE,광주 서구,ACTIVE,2026-01-06 14:50:29,,
751,789,짠돌이방751,ROOM-0751,2,69000,TRUE,서울 마포구,ACTIVE,2026-01-06 15:00:58,,
752,486,절약왕방752,ROOM-0752,3,31000,TRUE,경기 수원시 팔달구,ACTIVE,2026-01-06 15:10:27,,
753,258,월급방어방753,ROOM-0753,5,31000,TRUE,서울 강남구,ENDED,2026-01-06 15:20:11,2026-01-08 16:20:11,
754,497,적금방754,ROOM-0754,2,80000,FALSE,대전 서구,ACTIVE,2026-01-06 15:30:26,,
755,204,가계부방755,ROOM-0755,2,103000,TRUE,서울 종로구,ACTIVE,2026-01-06 15:40:26,,
756,891,거지방756,ROOM-0756,3,38000,FALSE,대전 서구,ACTIVE,2026-01-06 15:50:56,,
757,447,짠테크방757,ROOM-0757,6,136000,TRUE,부산 해운대구,ACTIVE,2026-01-06 16:00:29,,
758,738,무지출방758,ROOM-0758,4,89000,TRUE,경기 수원시 팔달구,ACTIVE,2026-01-06 16:10:44,,
759,583,텅장탈출방759,ROOM-0759,3,48000,FALSE,대구 중구,ACTIVE,2026-01-06 16:20:48,,
760,352,알뜰방760,ROOM-0760,6,60000,TRUE,대전 서구,ENDED,2026-01-06 16:30:54,2026-01-08 18:30:54,
761,422,근검절약방761,ROOM-0761,3,141000,FALSE,경기 안양시 만안구,ACTIVE,2026-01-06 16:40:27,,
762,754,한푼두푼방762,ROOM-0762,4,131000,TRUE,대전 서구,ENDED,2026-01-06 16:50:58,2026-01-11 17:50:58,
763,428,짠돌이방763,ROOM-0763,5,149000,TRUE,부산 해운대구,ACTIVE,2026-01-06 17:00:30,,
764,830,절약왕방764,ROOM-0764,5,81000,TRUE,광주 서구,ENDED,2026-01-06 17:10:44,2026-01-13 00:10:44,
765,973,월급방어방765,ROOM-0765,4,95000,TRUE,서울 종로구,ACTIVE,2026-01-06 17:20:42,,
766,313,적금방766,ROOM-0766,5,26000,FALSE,대구 중구,ENDED,2026-01-06 17:30:55,2026-01-13 00:30:55,
767,190,가계부방767,ROOM-0767,5,20000,TRUE,부산 해운대구,ENDED,2026-01-06 17:40:21,2026-01-11 18:40:21,
768,304,거지방768,ROOM-0768,4,73000,TRUE,대전 서구,ENDED,2026-01-06 17:50:47,2026-01-08 02:50:47,
769,969,짠테크방769,ROOM-0769,2,118000,FALSE,대구 중구,ACTIVE,2026-01-06 18:00:23,,
770,376,무지출방770,ROOM-0770,6,37000,TRUE,서울 마포구,ENDED,2026-01-06 18:10:15,2026-01-11 20:10:15,
771,665,텅장탈출방771,ROOM-0771,6,73000,TRUE,경기 수원시 팔달구,ACTIVE,2026-01-06 18:20:17,,
772,516,알뜰방772,ROOM-0772,2,36000,FALSE,경기 수원시 팔달구,ACTIVE,2026-01-06 18:30:32,,
773,540,근검절약방773,ROOM-0773,6,94000,FALSE,대전 서구,ACTIVE,2026-01-06 18:40:43,,
774,969,한푼두푼방774,ROOM-0774,5,42000,TRUE,부산 해운대구,ENDED,2026-01-06 18:50:18,2026-01-07 20:50:18,
775,169,짠돌이방775,ROOM-0775,3,147000,TRUE,서울 성동구,ACTIVE,2026-01-06 19:00:40,,
776,24,절약왕방776,ROOM-0776,6,53000,FALSE,경기 수원시 팔달구,ACTIVE,2026-01-06 19:10:47,,
777,661,월급방어방777,ROOM-0777,3,36000,TRUE,서울 성동구,ENDED,2026-01-06 19:20:33,2026-01-13 01:20:33,
778,422,적금방778,ROOM-0778,4,144000,FALSE,대구 중구,ACTIVE,2026-01-06 19:30:08,,
779,920,가계부방779,ROOM-0779,4,78000,FALSE,경기 수원시 팔달구,ENDED,2026-01-06 19:40:49,2026-01-13 20:40:49,
780,152,거지방780,ROOM-0780,5,62000,TRUE,광주 서구,ACTIVE,2026-01-06 19:50:11,,
781,860,짠테크방781,ROOM-0781,3,49000,TRUE,경기 수원시 팔달구,ACTIVE,2026-01-06 20:00:28,,
782,267,무지출방782,ROOM-0782,3,28000,FALSE,경기 수원시 팔달구,ACTIVE,2026-01-06 20:10:28,,
783,553,텅장탈출방783,ROOM-0783,4,51000,TRUE,부산 해운대구,ENDED,2026-01-06 20:20:49,2026-01-09 04:20:49,
784,951,알뜰방784,ROOM-0784,2,149000,FALSE,경기 안양시 만안구,ACTIVE,2026-01-06 20:30:18,,
785,993,근검절약방785,ROOM-0785,6,133000,FALSE,서울 종로구,ENDED,2026-01-06 20:40:57,2026-01-07 23:40:57,
786,695,한푼두푼방786,ROOM-0786,2,122000,TRUE,대구 중구,ACTIVE,2026-01-06 20:50:20,,
787,57,짠돌이방787,ROOM-0787,6,76000,FALSE,서울 성동구,ACTIVE,2026-01-06 21:00:34,,
788,870,절약왕방788,ROOM-0788,2,120000,TRUE,대구 중구,ACTIVE,2026-01-06 21:10:38,,
789,524,월급방어방789,ROOM-0789,4,121000,TRUE,부산 해운대구,ACTIVE,2026-01-06 21:20:23,,
790,13,적금방790,ROOM-0790,4,98000,FALSE,광주 서구,ACTIVE,2026-01-06 21:30:46,,
791,910,가계부방791,ROOM-0791,5,133000,FALSE,서울 마포구,ENDED,2026-01-06 21:40:57,2026-01-11 09:40:57,
792,918,거지방792,ROOM-0792,6,42000,TRUE,서울 성동구,ACTIVE,2026-01-06 21:50:55,,
793,538,짠테크방793,ROOM-0793,6,116000,TRUE,서울 강남구,ACTIVE,2026-01-06 22:00:58,,
794,280,무지출방794,ROOM-0794,6,138000,TRUE,서울 성동구,ACTIVE,2026-01-06 22:10:24,,
795,297,텅장탈출방795,ROOM-0795,4,97000,FALSE,광주 서구,ENDED,2026-01-06 22:20:14,2026-01-07 23:20:14,
796,158,알뜰방796,ROOM-0796,5,51000,FALSE,부산 해운대구,ACTIVE,2026-01-06 22:30:58,,
797,705,근검절약방797,ROOM-0797,2,90000,FALSE,서울 종로구,ACTIVE,2026-01-06 22:40:23,,
798,596,한푼두푼방798,ROOM-0798,5,86000,FALSE,서울 종로구,ACTIVE,2026-01-06 22:50:46,,
799,590,짠돌이방799,ROOM-0799,4,61000,TRUE,서울 마포구,ACTIVE,2026-01-06 23:00:56,,
800,710,절약왕방800,ROOM-0800,3,33000,FALSE,경기 수원시 팔달구,ACTIVE,2026-01-06 23:10:58,,
801,979,월급방어방801,ROOM-0801,4,94000,TRUE,광주 서구,ACTIVE,2026-01-06 23:20:40,,
802,188,적금방802,ROOM-0802,3,102000,FALSE,경기 안양시 만안구,ACTIVE,2026-01-06 23:30:44,,
803,705,가계부방803,ROOM-0803,6,110000,TRUE,서울 강남구,ACTIVE,2026-01-06 23:40:18,,
804,382,거지방804,ROOM-0804,4,61000,TRUE,서울 성동구,ACTIVE,2026-01-06 23:50:14,,
805,852,짠테크방805,ROOM-0805,6,49000,FALSE,대구 중구,ENDED,2026-01-07 00:00:07,2026-01-14 03:00:07,
806,946,무지출방806,ROOM-0806,4,99000,FALSE,서울 마포구,ENDED,2026-01-07 00:10:56,2026-01-12 09:10:56,
807,782,텅장탈출방807,ROOM-0807,4,27000,TRUE,서울 성동구,ACTIVE,2026-01-07 00:20:44,,
808,146,알뜰방808,ROOM-0808,3,73000,TRUE,서울 종로구,ACTIVE,2026-01-07 00:30:48,,
809,803,근검절약방809,ROOM-0809,2,143000,FALSE,서울 강남구,ACTIVE,2026-01-07 00:40:02,,
810,813,한푼두푼방810,ROOM-0810,2,140000,TRUE,경기 안양시 만안구,ACTIVE,2026-01-07 00:50:19,,
811,684,짠돌이방811,ROOM-0811,2,51000,TRUE,대전 서구,ENDED,2026-01-07 01:00:11,2026-01-13 07:00:11,
812,30,절약왕방812,ROOM-0812,4,109000,FALSE,서울 마포구,ENDED,2026-01-07 01:10:49,2026-01-13 11:10:49,
813,248,월급방어방813,ROOM-0813,2,45000,TRUE,광주 서구,ACTIVE,2026-01-07 01:20:12,,
814,988,적금방814,ROOM-0814,6,21000,TRUE,서울 성동구,ENDED,2026-01-07 01:30:54,2026-01-13 09:30:54,
815,376,가계부방815,ROOM-0815,2,66000,FALSE,부산 해운대구,ACTIVE,2026-01-07 01:40:32,,
816,234,거지방816,ROOM-0816,4,51000,FALSE,서울 종로구,ACTIVE,2026-01-07 01:50:31,,
817,781,짠테크방817,ROOM-0817,4,30000,TRUE,경기 수원시 팔달구,ACTIVE,2026-01-07 02:00:24,,
818,291,무지출방818,ROOM-0818,4,133000,TRUE,광주 서구,ACTIVE,2026-01-07 02:10:54,,
819,439,텅장탈출방819,ROOM-0819,2,141000,FALSE,서울 마포구,ACTIVE,2026-01-07 02:20:43,,
820,504,알뜰방820,ROOM-0820,5,41000,TRUE,서울 마포구,ACTIVE,2026-01-07 02:30:44,,
821,605,근검절약방821,ROOM-0821,3,36000,FALSE,서울 성동구,ACTIVE,2026-01-07 02:40:38,,
822,865,한푼두푼방822,ROOM-0822,3,128000,FALSE,경기 안양시 만안구,ENDED,2026-01-07 02:50:49,2026-01-12 12:50:49,
823,280,짠돌이방823,ROOM-0823,5,123000,FALSE,광주 서구,ACTIVE,2026-01-07 03:00:49,,
824,466,절약왕방824,ROOM-0824,4,145000,FALSE,서울 성동구,ACTIVE,2026-01-07 03:10:08,,
825,31,월급방어방825,ROOM-0825,2,37000,FALSE,서울 강남구,ENDED,2026-01-07 03:20:24,2026-01-12 14:20:24,
826,335,적금방826,ROOM-0826,6,44000,TRUE,광주 서구,ENDED,2026-01-07 03:30:50,2026-01-11 07:30:50,
827,301,가계부방827,ROOM-0827,6,86000,FALSE,광주 서구,ACTIVE,2026-01-07 03:40:48,,
828,33,거지방828,ROOM-0828,5,135000,FALSE,부산 해운대구,ACTIVE,2026-01-07 03:50:02,,
829,34,짠테크방829,ROOM-0829,4,62000,FALSE,부산 해운대구,ACTIVE,2026-01-07 04:00:45,,
830,399,무지출방830,ROOM-0830,2,145000,FALSE,대구 중구,ACTIVE,2026-01-07 04:10:10,,
831,519,텅장탈출방831,ROOM-0831,4,146000,FALSE,대전 서구,ACTIVE,2026-01-07 04:20:49,,
832,292,알뜰방832,ROOM-0832,2,31000,TRUE,경기 수원시 팔달구,ACTIVE,2026-01-07 04:30:47,,
833,598,근검절약방833,ROOM-0833,4,117000,TRUE,부산 해운대구,ACTIVE,2026-01-07 04:40:22,,
834,422,한푼두푼방834,ROOM-0834,3,83000,TRUE,경기 안양시 만안구,ACTIVE,2026-01-07 04:50:58,,
835,705,짠돌이방835,ROOM-0835,4,49000,FALSE,서울 마포구,ACTIVE,2026-01-07 05:00:20,,
836,39,절약왕방836,ROOM-0836,5,127000,FALSE,서울 강남구,ACTIVE,2026-01-07 05:10:37,,
837,23,월급방어방837,ROOM-0837,6,119000,FALSE,대전 서구,ACTIVE,2026-01-07 05:20:31,,
838,103,적금방838,ROOM-0838,5,148000,FALSE,서울 마포구,ACTIVE,2026-01-07 05:30:23,,
839,993,가계부방839,ROOM-0839,5,39000,TRUE,경기 안양시 만안구,ACTIVE,2026-01-07 05:40:19,,
840,588,거지방840,ROOM-0840,3,43000,TRUE,대전 서구,ACTIVE,2026-01-07 05:50:04,,
841,581,짠테크방841,ROOM-0841,5,73000,FALSE,서울 종로구,ACTIVE,2026-01-07 06:00:19,,
842,517,무지출방842,ROOM-0842,6,100000,TRUE,부산 해운대구,ACTIVE,2026-01-07 06:10:39,,
843,528,텅장탈출방843,ROOM-0843,6,66000,TRUE,광주 서구,ENDED,2026-01-07 06:20:36,2026-01-11 10:20:36,
844,677,알뜰방844,ROOM-0844,6,131000,TRUE,광주 서구,ACTIVE,2026-01-07 06:30:29,,
845,152,근검절약방845,ROOM-0845,4,131000,FALSE,경기 수원시 팔달구,ENDED,2026-01-07 06:40:58,2026-01-08 17:40:58,
846,209,한푼두푼방846,ROOM-0846,4,61000,FALSE,대전 서구,ACTIVE,2026-01-07 06:50:15,,
847,117,짠돌이방847,ROOM-0847,2,82000,FALSE,대구 중구,ACTIVE,2026-01-07 07:00:27,,
848,433,절약왕방848,ROOM-0848,3,89000,TRUE,서울 강남구,ACTIVE,2026-01-07 07:10:51,,
849,285,월급방어방849,ROOM-0849,2,144000,TRUE,서울 강남구,ENDED,2026-01-07 07:20:05,2026-01-10 17:20:05,
850,306,적금방850,ROOM-0850,4,43000,FALSE,서울 마포구,ACTIVE,2026-01-07 07:30:36,,
851,753,가계부방851,ROOM-0851,6,84000,FALSE,서울 종로구,ACTIVE,2026-01-07 07:40:07,,
852,792,거지방852,ROOM-0852,6,119000,TRUE,부산 해운대구,ACTIVE,2026-01-07 07:50:06,,
853,180,짠테크방853,ROOM-0853,5,124000,FALSE,대전 서구,ACTIVE,2026-01-07 08:00:34,,
854,384,무지출방854,ROOM-0854,6,128000,FALSE,서울 성동구,ENDED,2026-01-07 08:10:56,2026-01-14 11:10:56,
855,372,텅장탈출방855,ROOM-0855,4,98000,TRUE,대전 서구,ACTIVE,2026-01-07 08:20:47,,
856,679,알뜰방856,ROOM-0856,3,84000,FALSE,경기 안양시 만안구,ACTIVE,2026-01-07 08:30:44,,
857,372,근검절약방857,ROOM-0857,3,133000,FALSE,서울 강남구,ENDED,2026-01-07 08:40:25,2026-01-10 13:40:25,
858,93,한푼두푼방858,ROOM-0858,3,61000,FALSE,경기 수원시 팔달구,ENDED,2026-01-07 08:50:49,2026-01-13 15:50:49,
859,809,짠돌이방859,ROOM-0859,2,145000,FALSE,부산 해운대구,ENDED,2026-01-07 09:00:21,2026-01-13 16:00:21,
860,898,절약왕방860,ROOM-0860,3,86000,TRUE,경기 수원시 팔달구,ACTIVE,2026-01-07 09:10:46,,
861,833,월급방어방861,ROOM-0861,4,136000,TRUE,서울 강남구,ACTIVE,2026-01-07 09:20:11,,
862,646,적금방862,ROOM-0862,3,20000,FALSE,서울 성동구,ACTIVE,2026-01-07 09:30:20,,
863,590,가계부방863,ROOM-0863,3,83000,TRUE,대전 서구,ACTIVE,2026-01-07 09:40:50,,
864,962,거지방864,ROOM-0864,5,54000,FALSE,서울 마포구,ACTIVE,2026-01-07 09:50:52,,
865,336,짠테크방865,ROOM-0865,2,126000,FALSE,서울 마포구,ACTIVE,2026-01-07 10:00:24,,
866,968,무지출방866,ROOM-0866,2,78000,TRUE,대구 중구,ACTIVE,2026-01-07 10:10:44,,
867,873,텅장탈출방867,ROOM-0867,5,129000,FALSE,서울 마포구,ACTIVE,2026-01-07 10:20:23,,
868,175,알뜰방868,ROOM-0868,6,131000,FALSE,대구 중구,ACTIVE,2026-01-07 10:30:45,,
869,209,근검절약방869,ROOM-0869,4,93000,FALSE,부산 해운대구,ACTIVE,2026-01-07 10:40:54,,
870,212,한푼두푼방870,ROOM-0870,4,68000,FALSE,서울 마포구,ACTIVE,2026-01-07 10:50:09,,
871,30,짠돌이방871,ROOM-0871,3,135000,TRUE,경기 수원시 팔달구,ACTIVE,2026-01-07 11:00:41,,
872,470,절약왕방872,ROOM-0872,5,54000,FALSE,부산 해운대구,ACTIVE,2026-01-07 11:10:45,,
873,393,월급방어방873,ROOM-0873,6,85000,TRUE,서울 종로구,ACTIVE,2026-01-07 11:20:03,,
874,341,적금방874,ROOM-0874,4,31000,TRUE,경기 안양시 만안구,ACTIVE,2026-01-07 11:30:24,,
875,310,가계부방875,ROOM-0875,4,53000,TRUE,대전 서구,ACTIVE,2026-01-07 11:40:10,,
876,516,거지방876,ROOM-0876,5,53000,TRUE,경기 수원시 팔달구,ENDED,2026-01-07 11:50:27,2026-01-09 16:50:27,
877,120,짠테크방877,ROOM-0877,3,147000,FALSE,경기 수원시 팔달구,ENDED,2026-01-07 12:00:18,2026-01-10 22:00:18,
878,850,무지출방878,ROOM-0878,4,131000,TRUE,경기 수원시 팔달구,ENDED,2026-01-07 12:10:31,2026-01-14 15:10:31,
879,570,텅장탈출방879,ROOM-0879,3,58000,TRUE,서울 성동구,ACTIVE,2026-01-07 12:20:30,,
880,267,알뜰방880,ROOM-0880,5,131000,TRUE,대구 중구,ACTIVE,2026-01-07 12:30:22,,
881,727,근검절약방881,ROOM-0881,5,48000,TRUE,서울 종로구,ACTIVE,2026-01-07 12:40:13,,
882,890,한푼두푼방882,ROOM-0882,3,150000,FALSE,대전 서구,ENDED,2026-01-07 12:50:37,2026-01-09 22:50:37,
883,995,짠돌이방883,ROOM-0883,6,66000,FALSE,서울 종로구,ACTIVE,2026-01-07 13:00:31,,
884,694,절약왕방884,ROOM-0884,2,92000,TRUE,부산 해운대구,ACTIVE,2026-01-07 13:10:59,,
885,975,월급방어방885,ROOM-0885,4,59000,TRUE,서울 종로구,ACTIVE,2026-01-07 13:20:45,,
886,676,적금방886,ROOM-0886,4,21000,FALSE,서울 강남구,ACTIVE,2026-01-07 13:30:28,,
887,333,가계부방887,ROOM-0887,2,92000,FALSE,서울 강남구,ENDED,2026-01-07 13:40:35,2026-01-12 20:40:35,
888,95,거지방888,ROOM-0888,3,81000,FALSE,서울 종로구,ACTIVE,2026-01-07 13:50:13,,
889,167,짠테크방889,ROOM-0889,5,92000,TRUE,서울 종로구,ACTIVE,2026-01-07 14:00:51,,
890,443,무지출방890,ROOM-0890,6,53000,FALSE,서울 종로구,ENDED,2026-01-07 14:10:32,2026-01-09 22:10:32,
891,457,텅장탈출방891,ROOM-0891,4,128000,TRUE,부산 해운대구,ENDED,2026-01-07 14:20:39,2026-01-09 21:20:39,
892,646,알뜰방892,ROOM-0892,2,107000,FALSE,서울 성동구,ACTIVE,2026-01-07 14:30:45,,
893,159,근검절약방893,ROOM-0893,6,41000,FALSE,대구 중구,ACTIVE,2026-01-07 14:40:58,,
894,821,한푼두푼방894,ROOM-0894,3,52000,FALSE,서울 성동구,ACTIVE,2026-01-07 14:50:18,,
895,583,짠돌이방895,ROOM-0895,2,31000,TRUE,광주 서구,ACTIVE,2026-01-07 15:00:06,,
896,476,절약왕방896,ROOM-0896,4,40000,TRUE,서울 종로구,ENDED,2026-01-07 15:10:29,2026-01-09 18:10:29,
897,864,월급방어방897,ROOM-0897,2,126000,FALSE,경기 수원시 팔달구,ACTIVE,2026-01-07 15:20:29,,
898,776,적금방898,ROOM-0898,4,107000,TRUE,서울 성동구,ACTIVE,2026-01-07 15:30:47,,
899,619,가계부방899,ROOM-0899,2,131000,TRUE,서울 강남구,ACTIVE,2026-01-07 15:40:00,,
900,176,거지방900,ROOM-0900,5,144000,FALSE,대전 서구,ENDED,2026-01-07 15:50:39,2026-01-11 03:50:39,
901,690,짠테크방901,ROOM-0901,4,42000,TRUE,서울 마포구,ACTIVE,2026-01-07 16:00:07,,
902,836,무지출방902,ROOM-0902,3,26000,TRUE,대구 중구,ACTIVE,2026-01-07 16:10:41,,
903,248,텅장탈출방903,ROOM-0903,6,68000,TRUE,경기 안양시 만안구,ENDED,2026-01-07 16:20:09,2026-01-11 23:20:09,
904,23,알뜰방904,ROOM-0904,3,133000,FALSE,대구 중구,ACTIVE,2026-01-07 16:30:28,,
905,600,근검절약방905,ROOM-0905,4,120000,TRUE,경기 수원시 팔달구,ACTIVE,2026-01-07 16:40:40,,
906,868,한푼두푼방906,ROOM-0906,5,94000,TRUE,대구 중구,ACTIVE,2026-01-07 16:50:32,,
907,606,짠돌이방907,ROOM-0907,2,24000,FALSE,대전 서구,ACTIVE,2026-01-07 17:00:04,,
908,275,절약왕방908,ROOM-0908,2,146000,FALSE,대구 중구,ACTIVE,2026-01-07 17:10:01,,
909,166,월급방어방909,ROOM-0909,3,140000,FALSE,대구 중구,ACTIVE,2026-01-07 17:20:14,,
910,602,적금방910,ROOM-0910,5,53000,FALSE,부산 해운대구,ENDED,2026-01-07 17:30:53,2026-01-14 04:30:53,
911,753,가계부방911,ROOM-0911,5,61000,TRUE,경기 안양시 만안구,ACTIVE,2026-01-07 17:40:05,,
912,684,거지방912,ROOM-0912,3,71000,TRUE,대전 서구,ACTIVE,2026-01-07 17:50:50,,
913,426,짠테크방913,ROOM-0913,3,73000,TRUE,서울 강남구,ACTIVE,2026-01-07 18:00:16,,
914,366,무지출방914,ROOM-0914,6,28000,TRUE,경기 수원시 팔달구,ACTIVE,2026-01-07 18:10:39,,
915,233,텅장탈출방915,ROOM-0915,3,144000,FALSE,경기 수원시 팔달구,ENDED,2026-01-07 18:20:49,2026-01-09 03:20:49,
916,274,알뜰방916,ROOM-0916,6,46000,TRUE,대구 중구,ENDED,2026-01-07 18:30:53,2026-01-14 20:30:53,
917,999,근검절약방917,ROOM-0917,6,46000,TRUE,광주 서구,ACTIVE,2026-01-07 18:40:40,,
918,121,한푼두푼방918,ROOM-0918,3,94000,FALSE,광주 서구,ACTIVE,2026-01-07 18:50:55,,
919,102,짠돌이방919,ROOM-0919,4,105000,TRUE,서울 종로구,ENDED,2026-01-07 19:00:28,2026-01-11 20:00:28,
920,252,절약왕방920,ROOM-0920,4,149000,TRUE,서울 종로구,ACTIVE,2026-01-07 19:10:45,,
921,773,월급방어방921,ROOM-0921,3,58000,FALSE,서울 성동구,ACTIVE,2026-01-07 19:20:27,,
922,424,적금방922,ROOM-0922,6,112000,TRUE,대구 중구,ACTIVE,2026-01-07 19:30:00,,
923,735,가계부방923,ROOM-0923,2,106000,FALSE,부산 해운대구,ENDED,2026-01-07 19:40:10,2026-01-11 20:40:10,
924,403,거지방924,ROOM-0924,3,34000,FALSE,부산 해운대구,ACTIVE,2026-01-07 19:50:43,,
925,718,짠테크방925,ROOM-0925,4,108000,TRUE,경기 안양시 만안구,ENDED,2026-01-07 20:00:39,2026-01-10 08:00:39,
926,414,무지출방926,ROOM-0926,3,133000,FALSE,부산 해운대구,ENDED,2026-01-07 20:10:56,2026-01-10 22:10:56,
927,38,텅장탈출방927,ROOM-0927,5,52000,FALSE,서울 성동구,ACTIVE,2026-01-07 20:20:35,,
928,320,알뜰방928,ROOM-0928,3,25000,TRUE,광주 서구,ACTIVE,2026-01-07 20:30:15,,
929,853,근검절약방929,ROOM-0929,5,149000,TRUE,서울 강남구,ENDED,2026-01-07 20:40:16,2026-01-14 05:40:16,
930,363,한푼두푼방930,ROOM-0930,2,134000,FALSE,대전 서구,ENDED,2026-01-07 20:50:29,2026-01-11 00:50:29,
931,825,짠돌이방931,ROOM-0931,6,79000,FALSE,경기 안양시 만안구,ACTIVE,2026-01-07 21:00:50,,
932,835,절약왕방932,ROOM-0932,5,83000,TRUE,경기 수원시 팔달구,ACTIVE,2026-01-07 21:10:12,,
933,843,월급방어방933,ROOM-0933,2,57000,FALSE,부산 해운대구,ACTIVE,2026-01-07 21:20:03,,
934,436,적금방934,ROOM-0934,3,134000,TRUE,경기 수원시 팔달구,ACTIVE,2026-01-07 21:30:25,,
935,603,가계부방935,ROOM-0935,5,87000,FALSE,부산 해운대구,ENDED,2026-01-07 21:40:44,2026-01-12 09:40:44,
936,997,거지방936,ROOM-0936,3,56000,TRUE,대구 중구,ENDED,2026-01-07 21:50:08,2026-01-14 06:50:08,
937,884,짠테크방937,ROOM-0937,3,136000,FALSE,서울 강남구,ENDED,2026-01-07 22:00:35,2026-01-11 00:00:35,
938,617,무지출방938,ROOM-0938,2,114000,FALSE,서울 강남구,ACTIVE,2026-01-07 22:10:07,,
939,381,텅장탈출방939,ROOM-0939,4,95000,FALSE,서울 강남구,ENDED,2026-01-07 22:20:09,2026-01-15 08:20:09,
940,432,알뜰방940,ROOM-0940,4,75000,TRUE,대구 중구,ACTIVE,2026-01-07 22:30:35,,
941,358,근검절약방941,ROOM-0941,2,126000,FALSE,대전 서구,ACTIVE,2026-01-07 22:40:28,,
942,922,한푼두푼방942,ROOM-0942,5,141000,TRUE,서울 마포구,ACTIVE,2026-01-07 22:50:29,,
943,780,짠돌이방943,ROOM-0943,5,58000,FALSE,서울 종로구,ENDED,2026-01-07 23:00:42,2026-01-13 06:00:42,
944,397,절약왕방944,ROOM-0944,4,31000,FALSE,경기 안양시 만안구,ACTIVE,2026-01-07 23:10:55,,
945,170,월급방어방945,ROOM-0945,4,51000,TRUE,서울 성동구,ENDED,2026-01-07 23:20:34,2026-01-13 00:20:34,
946,981,적금방946,ROOM-0946,5,148000,TRUE,서울 종로구,ACTIVE,2026-01-07 23:30:34,,
947,185,가계부방947,ROOM-0947,3,82000,FALSE,서울 종로구,ENDED,2026-01-07 23:40:38,2026-01-11 06:40:38,
948,604,거지방948,ROOM-0948,2,107000,FALSE,서울 마포구,ACTIVE,2026-01-07 23:50:55,,
949,541,짠테크방949,ROOM-0949,4,43000,TRUE,서울 종로구,ACTIVE,2026-01-08 00:00:18,,
950,148,무지출방950,ROOM-0950,2,59000,FALSE,부산 해운대구,ACTIVE,2026-01-08 00:10:03,,
951,630,텅장탈출방951,ROOM-0951,2,34000,FALSE,부산 해운대구,ACTIVE,2026-01-08 00:20:09,,
952,423,알뜰방952,ROOM-0952,5,50000,TRUE,서울 성동구,ACTIVE,2026-01-08 00:30:38,,
953,601,근검절약방953,ROOM-0953,6,149000,FALSE,서울 종로구,ACTIVE,2026-01-08 00:40:20,,
954,476,한푼두푼방954,ROOM-0954,5,27000,FALSE,서울 성동구,ENDED,2026-01-08 00:50:01,2026-01-11 09:50:01,
955,987,짠돌이방955,ROOM-0955,6,52000,FALSE,대전 서구,ACTIVE,2026-01-08 01:00:05,,
956,867,절약왕방956,ROOM-0956,3,115000,TRUE,서울 성동구,ACTIVE,2026-01-08 01:10:27,,
957,985,월급방어방957,ROOM-0957,2,138000,FALSE,서울 마포구,ACTIVE,2026-01-08 01:20:59,,
958,944,적금방958,ROOM-0958,6,84000,FALSE,경기 수원시 팔달구,ENDED,2026-01-08 01:30:13,2026-01-13 10:30:13,
959,289,가계부방959,ROOM-0959,6,37000,FALSE,서울 종로구,ACTIVE,2026-01-08 01:40:07,,
960,851,거지방960,ROOM-0960,6,91000,FALSE,서울 성동구,ACTIVE,2026-01-08 01:50:51,,
961,326,짠테크방961,ROOM-0961,4,135000,FALSE,서울 성동구,ACTIVE,2026-01-08 02:00:20,,
962,350,무지출방962,ROOM-0962,6,104000,TRUE,서울 마포구,ACTIVE,2026-01-08 02:10:00,,
963,624,텅장탈출방963,ROOM-0963,2,64000,FALSE,광주 서구,ENDED,2026-01-08 02:20:45,2026-01-12 09:20:45,
964,552,알뜰방964,ROOM-0964,2,27000,FALSE,서울 종로구,ACTIVE,2026-01-08 02:30:52,,
965,386,근검절약방965,ROOM-0965,3,22000,TRUE,대구 중구,ACTIVE,2026-01-08 02:40:12,,
966,456,한푼두푼방966,ROOM-0966,2,91000,FALSE,서울 성동구,ACTIVE,2026-01-08 02:50:39,,
967,641,짠돌이방967,ROOM-0967,3,79000,FALSE,경기 수원시 팔달구,ACTIVE,2026-01-08 03:00:31,,
968,927,절약왕방968,ROOM-0968,3,121000,TRUE,경기 안양시 만안구,ACTIVE,2026-01-08 03:10:31,,
969,175,월급방어방969,ROOM-0969,6,64000,TRUE,대전 서구,ACTIVE,2026-01-08 03:20:04,,
970,131,적금방970,ROOM-0970,3,90000,TRUE,서울 강남구,ENDED,2026-01-08 03:30:44,2026-01-14 12:30:44,
971,630,가계부방971,ROOM-0971,6,136000,TRUE,부산 해운대구,ACTIVE,2026-01-08 03:40:41,,
972,54,거지방972,ROOM-0972,5,90000,TRUE,광주 서구,ACTIVE,2026-01-08 03:50:23,,
973,530,짠테크방973,ROOM-0973,3,32000,FALSE,부산 해운대구,ACTIVE,2026-01-08 04:00:20,,
974,6,무지출방974,ROOM-0974,4,40000,TRUE,서울 성동구,ENDED,2026-01-08 04:10:27,2026-01-09 08:10:27,
975,202,텅장탈출방975,ROOM-0975,4,36000,TRUE,서울 강남구,ACTIVE,2026-01-08 04:20:51,,
976,25,알뜰방976,ROOM-0976,4,83000,TRUE,대구 중구,ACTIVE,2026-01-08 04:30:21,,
977,853,근검절약방977,ROOM-0977,4,80000,TRUE,대전 서구,ACTIVE,2026-01-08 04:40:48,,
978,98,한푼두푼방978,ROOM-0978,2,41000,TRUE,서울 강남구,ACTIVE,2026-01-08 04:50:56,,
979,869,짠돌이방979,ROOM-0979,3,35000,FALSE,서울 강남구,ACTIVE,2026-01-08 05:00:40,,
980,443,절약왕방980,ROOM-0980,2,33000,FALSE,부산 해운대구,ACTIVE,2026-01-08 05:10:39,,
981,771,월급방어방981,ROOM-0981,6,22000,FALSE,부산 해운대구,ACTIVE,2026-01-08 05:20:27,,
982,902,적금방982,ROOM-0982,2,136000,FALSE,대전 서구,ACTIVE,2026-01-08 05:30:06,,
983,13,가계부방983,ROOM-0983,3,52000,FALSE,경기 수원시 팔달구,ACTIVE,2026-01-08 05:40:46,,
984,636,거지방984,ROOM-0984,3,55000,TRUE,서울 강남구,ACTIVE,2026-01-08 05:50:37,,
985,447,짠테크방985,ROOM-0985,4,99000,TRUE,서울 마포구,ACTIVE,2026-01-08 06:00:38,,
986,352,무지출방986,ROOM-0986,2,57000,TRUE,서울 성동구,ACTIVE,2026-01-08 06:10:53,,
987,573,텅장탈출방987,ROOM-0987,4,70000,TRUE,서울 성동구,ENDED,2026-01-08 06:20:21,2026-01-10 17:20:21,
988,488,알뜰방988,ROOM-0988,4,105000,FALSE,부산 해운대구,ACTIVE,2026-01-08 06:30:06,,
989,466,근검절약방989,ROOM-0989,3,20000,TRUE,서울 성동구,ACTIVE,2026-01-08 06:40:13,,
990,245,한푼두푼방990,ROOM-0990,4,116000,TRUE,부산 해운대구,ACTIVE,2026-01-08 06:50:00,,
991,372,짠돌이방991,ROOM-0991,4,27000,TRUE,서울 마포구,ACTIVE,2026-01-08 07:00:12,,
992,647,절약왕방992,ROOM-0992,2,70000,TRUE,경기 안양시 만안구,ACTIVE,2026-01-08 07:10:56,,
993,269,월급방어방993,ROOM-0993,6,82000,TRUE,서울 성동구,ACTIVE,2026-01-08 07:20:53,,
994,269,적금방994,ROOM-0994,3,117000,TRUE,경기 수원시 팔달구,ENDED,2026-01-08 07:30:19,2026-01-12 11:30:19,
995,379,가계부방995,ROOM-0995,3,131000,TRUE,서울 종로구,ACTIVE,2026-01-08 07:40:59,,
996,134,거지방996,ROOM-0996,6,116000,FALSE,경기 수원시 팔달구,ACTIVE,2026-01-08 07:50:40,,
997,251,짠테크방997,ROOM-0997,6,68000,FALSE,서울 마포구,ACTIVE,2026-01-08 08:00:03,,
998,645,무지출방998,ROOM-0998,3,150000,FALSE,서울 성동구,ENDED,2026-01-08 08:10:50,2026-01-12 19:10:50,
999,630,텅장탈출방999,ROOM-0999,6,119000,FALSE,대구 중구,ACTIVE,2026-01-08 08:20:11,,
1000,330,알뜰방1000,ROOM-1000,5,146000,FALSE,경기 안양시 만안구,ACTIVE,2026-01-08 08:30:40,,
